elec120V_cmu_plant,natgas_cmu_plant,electricity_120V,trans_truck,natgas_clinker,naturalgas,coal,"CMU, normal-weight, A1-A3 q_cement",Portland cement q_electricity,Portland limestone cement production q_electricity,market for Portland cement t_km,market for sand t_km,"market for gravel, crushed t_km",clinker production - North American q_coal,"A5, construction d_vol",gwp,ap,ep,odp,pocp,gwp_IPCC,gwp_EF2,gwp_CML
"Electricity; at user; consumption mix - Electric Reliability Council of Texas, Inc. - BA",natural gas extraction and processing - Anadarko,"Electricity; at user; consumption mix - Midcontinent Independent System Operator, Inc. - BA","market for transport, freight, lorry 16-32 metric ton, EURO6 | transport, freight, lorry 16-32 metric ton, EURO6 | Cutoff, U",natural gas extraction and processing - Permian,natural gas extraction and processing - East Texas,"coal extraction and processing - West/Northwest, BIT, Underground",163.16693466125358,0.15641473677298645,0.10784664881953174,0.10636338799974207,0.06863177797908922,0.07282186788751402,0.10253888428880115,0.0,305.7317,0.7581806621572398,1.386440917112481,1.2273489474880742e-05,11.459508061181904,314.2036,337.4526,313.3681
"Electricity; at user; consumption mix - Electric Reliability Council of Texas, Inc. - BA",natural gas extraction and processing - Anadarko,"Electricity; at user; consumption mix - Midcontinent Independent System Operator, Inc. - BA","market for transport, freight, lorry 16-32 metric ton, EURO6 | transport, freight, lorry 16-32 metric ton, EURO6 | Cutoff, U",natural gas extraction and processing - Permian,natural gas extraction and processing - East Texas,"coal extraction and processing - West/Northwest, BIT, Underground",169.6410437658242,0.11112540782155578,0.15785088926455534,0.10548707052896493,0.06570914895745009,0.06660109028530012,0.12454344508937258,0.0,315.9291,0.8334225550630969,1.3865445426893344,1.2061125890901875e-05,11.937738541582341,324.3829,347.675,323.5242
"Electricity; at user; consumption mix - Electric Reliability Council of Texas, Inc. - BA",natural gas extraction and processing - Anadarko,"Electricity; at user; consumption mix - Midcontinent Independent System Operator, Inc. - BA","market for transport, freight, lorry 16-32 metric ton, EURO6 | transport, freight, lorry 16-32 metric ton, EURO6 | Cutoff, U",natural gas extraction and processing - Permian,natural gas extraction and processing - East Texas,"coal extraction and processing - West/Northwest, BIT, Underground",158.06838956744534,0.12189631265456535,0.10579522483925347,0.10436168358573104,0.058535557092357804,0.06737302991970824,0.08895532855589905,0.0,287.6328,0.6837972259925611,1.3816869147946875,1.1352540565817382e-05,10.66464803325345,296.0312,319.1611,295.264
"Electricity; at user; consumption mix - Electric Reliability Council of Texas, Inc. - BA",natural gas extraction and processing - Anadarko,"Electricity; at user; consumption mix - Midcontinent Independent System Operator, Inc. - BA","market for transport, freight, lorry 16-32 metric ton, EURO6 | transport, freight, lorry 16-32 metric ton, EURO6 | Cutoff, U",natural gas extraction and processing - Permian,natural gas extraction and processing - East Texas,"coal extraction and processing - West/Northwest, BIT, Underground",158.2370714778548,0.18179815269374194,0.12036725058565617,0.11883553906132024,0.04994500121219016,0.059755881807376864,0.07968189755218044,0.0,288.1124,0.6667659621805827,1.379748596395901,1.0873644101658234e-05,10.675909779627482,296.5513,319.6915,295.7751
"Electricity; at user; consumption mix - Electric Reliability Council of Texas, Inc. - BA",natural gas extraction and processing - Anadarko,"Electricity; at user; consumption mix - Midcontinent Independent System Operator, Inc. - BA","market for transport, freight, lorry 16-32 metric ton, EURO6 | transport, freight, lorry 16-32 metric ton, EURO6 | Cutoff, U",natural gas extraction and processing - Permian,natural gas extraction and processing - East Texas,"coal extraction and processing - West/Northwest, BIT, Underground",180.6037431757177,0.14447951889955507,0.13694129397853663,0.1202837611556874,0.07013475744545591,0.057551499333107964,0.11054575433797076,0.0,323.7476,0.8266359976428637,1.3881827485899099,1.2212532509820606e-05,12.050602488555011,332.2472,355.5697,331.3707
"Electricity; at user; consumption mix - Electric Reliability Council of Texas, Inc. - BA",natural gas extraction and processing - Anadarko,"Electricity; at user; consumption mix - Midcontinent Independent System Operator, Inc. - BA","market for transport, freight, lorry 16-32 metric ton, EURO6 | transport, freight, lorry 16-32 metric ton, EURO6 | Cutoff, U",natural gas extraction and processing - Permian,natural gas extraction and processing - East Texas,"coal extraction and processing - West/Northwest, BIT, Underground",169.68407247731756,0.1642886655760103,0.10875589877207531,0.1316028547588981,0.060293502985191684,0.0689865553536281,0.10843241665536765,0.0,314.5576,0.7951370126695625,1.3865462492484668,1.2093705296752783e-05,11.802784711920843,323.0523,346.3444,322.1916
"Electricity; at user; consumption mix - Electric Reliability Council of Texas, Inc. - BA",natural gas extraction and processing - Anadarko,"Electricity; at user; consumption mix - Midcontinent Independent System Operator, Inc. - BA","market for transport, freight, lorry 16-32 metric ton, EURO6 | transport, freight, lorry 16-32 metric ton, EURO6 | Cutoff, U",natural gas extraction and processing - Permian,natural gas extraction and processing - East Texas,"coal extraction and processing - West/Northwest, BIT, Underground",161.39629496457118,0.17073028567967086,0.1545068463648211,0.10799130620116236,0.061110891231925014,0.06392345896521648,0.10173798482249002,0.0,302.7106,0.7488671216883851,1.383639947235941,1.1635046481400613e-05,11.375925879061116,311.1796,334.4122,310.3517
"Electricity; at user; consumption mix - Electric Reliability Council of Texas, Inc. - BA",natural gas extraction and processing - Anadarko,"Electricity; at user; consumption mix - Midcontinent Independent System Operator, Inc. - BA","market for transport, freight, lorry 16-32 metric ton, EURO6 | transport, freight, lorry 16-32 metric ton, EURO6 | Cutoff, U",natural gas extraction and processing - Permian,natural gas extraction and processing - East Texas,"coal extraction and processing - West/Northwest, BIT, Underground",177.99268976013155,0.1619029604370434,0.14769526111753628,0.12327138630590048,0.06349407392096006,0.05883938848985702,0.08551463855522554,0.0,309.2241,0.7320158403600954,1.3856521427588133,1.178712679241386e-05,11.302240669971173,317.7047,340.937,316.8791
"Electricity; at user; consumption mix - Electric Reliability Council of Texas, Inc. - BA",natural gas extraction and processing - Anadarko,"Electricity; at user; consumption mix - Midcontinent Independent System Operator, Inc. - BA","market for transport, freight, lorry 16-32 metric ton, EURO6 | transport, freight, lorry 16-32 metric ton, EURO6 | Cutoff, U",natural gas extraction and processing - Permian,natural gas extraction and processing - East Texas,"coal extraction and processing - West/Northwest, BIT, Underground",177.33058579943543,0.10004634745037114,0.12410639981605946,0.12737194469357802,0.06584783589752122,0.062123344718174926,0.08187550533488394,0.0,299.5737,0.6988429908308886,1.3854176289078524,1.1826127471284786e-05,10.822715608452445,307.9834,331.141,307.2037
"Electricity; at user; consumption mix - Electric Reliability Council of Texas, Inc. - BA",natural gas extraction and processing - Anadarko,"Electricity; at user; consumption mix - Midcontinent Independent System Operator, Inc. - BA","market for transport, freight, lorry 16-32 metric ton, EURO6 | transport, freight, lorry 16-32 metric ton, EURO6 | Cutoff, U",natural gas extraction and processing - Permian,natural gas extraction and processing - East Texas,"coal extraction and processing - West/Northwest, BIT, Underground",166.50395485615266,0.1435737759715212,0.12662712623288047,0.11854593794025535,0.06721368018593961,0.05652734647870104,0.0724609420296671,0.0,290.1567,0.655508670722339,1.383018618746421,1.152436285468581e-05,10.55047258643006,298.5798,321.7087,297.8134
"Electricity; at user; consumption mix - Electric Reliability Council of Texas, Inc. - BA",natural gas extraction and processing - Appalachian,Electricity; at user; consumption mix - PacifiCorp East - BA,"market for transport, freight, lorry 16-32 metric ton, EURO5 | transport, freight, lorry 16-32 metric ton, EURO5 | Cutoff, U",natural gas extraction and processing - Arkla,natural gas extraction and processing - Gulf,"coal extraction and processing - West/Northwest, BIT, Surface",170.25305419088627,0.12068646200853533,0.12564577566411061,0.11100659320589186,0.06985694378726016,0.06498300358228319,0.09306338382076308,0.0,303.6154,0.7475198552180029,1.3878995926983484,1.2206834847717827e-05,11.938375586120493,311.6462,334.3656,311.0107
"Electricity; at user; consumption mix - Electric Reliability Council of Texas, Inc. - BA",natural gas extraction and processing - Appalachian,Electricity; at user; consumption mix - PacifiCorp East - BA,"market for transport, freight, lorry 16-32 metric ton, EURO5 | transport, freight, lorry 16-32 metric ton, EURO5 | Cutoff, U",natural gas extraction and processing - Arkla,natural gas extraction and processing - Gulf,"coal extraction and processing - West/Northwest, BIT, Surface",162.25079001085047,0.16081735384755022,0.15670489519703582,0.11053451296741766,0.0730282849930568,0.0676420911952336,0.10172690980911821,0.0,306.9782,0.7709895138231394,1.3885307497772528,1.2504699196330819e-05,12.267248229778325,315.0418,337.8043,314.3799
"Electricity; at user; consumption mix - Electric Reliability Council of Texas, Inc. - BA",natural gas extraction and processing - Appalachian,Electricity; at user; consumption mix - PacifiCorp East - BA,"market for transport, freight, lorry 16-32 metric ton, EURO5 | transport, freight, lorry 16-32 metric ton, EURO5 | Cutoff, U",natural gas extraction and processing - Arkla,natural gas extraction and processing - Gulf,"coal extraction and processing - West/Northwest, BIT, Surface",197.82409087404895,0.14406179984151804,0.11240509527107995,0.13716906504142384,0.06859523914653586,0.06386581828980398,0.08287793993302275,0.0,327.4743,0.7818529869980855,1.392683571407515,1.273258470463581e-05,12.480731031953207,335.5694,358.3707,334.8896
"Electricity; at user; consumption mix - Electric Reliability Council of Texas, Inc. - BA",natural gas extraction and processing - Appalachian,Electricity; at user; consumption mix - PacifiCorp East - BA,"market for transport, freight, lorry 16-32 metric ton, EURO5 | transport, freight, lorry 16-32 metric ton, EURO5 | Cutoff, U",natural gas extraction and processing - Arkla,natural gas extraction and processing - Gulf,"coal extraction and processing - West/Northwest, BIT, Surface",154.5273894626337,0.11468028517292653,0.10929101892373456,0.1253279457184424,0.06655018449493026,0.06444363297285038,0.09950313781191396,0.0,290.9195,0.7272448146153279,1.385149834557856,1.1909135927799992e-05,11.652926030260314,298.9208,321.5987,298.3077
"Electricity; at user; consumption mix - Electric Reliability Council of Texas, Inc. - BA",natural gas extraction and processing - Appalachian,Electricity; at user; consumption mix - PacifiCorp East - BA,"market for transport, freight, lorry 16-32 metric ton, EURO5 | transport, freight, lorry 16-32 metric ton, EURO5 | Cutoff, U",natural gas extraction and processing - Arkla,natural gas extraction and processing - Gulf,"coal extraction and processing - West/Northwest, BIT, Surface",164.9323116961382,0.12062021842817774,0.15258988232401732,0.1098384825778618,0.07465188636656814,0.06562854259092779,0.09629361192790423,0.0,301.2604,0.7490383369509205,1.3882290324341782,1.238709434477314e-05,11.970061621670084,309.2903,332.0094,308.6534
"Electricity; at user; consumption mix - Electric Reliability Council of Texas, Inc. - BA",natural gas extraction and processing - Appalachian,Electricity; at user; consumption mix - PacifiCorp East - BA,"market for transport, freight, lorry 16-32 metric ton, EURO5 | transport, freight, lorry 16-32 metric ton, EURO5 | Cutoff, U",natural gas extraction and processing - Arkla,natural gas extraction and processing - Gulf,"coal extraction and processing - West/Northwest, BIT, Surface",170.47214155290266,0.12815813056748276,0.1459408418596567,0.1077745086843058,0.08005822063638104,0.06872135584204975,0.10614921289846611,0.0,313.9634,0.8041102356909304,1.3912906413545818,1.2915427979828114e-05,12.548198580346543,322.029,344.8192,321.3504
"Electricity; at user; consumption mix - Electric Reliability Council of Texas, Inc. - BA",natural gas extraction and processing - Appalachian,Electricity; at user; consumption mix - PacifiCorp East - BA,"market for transport, freight, lorry 16-32 metric ton, EURO5 | transport, freight, lorry 16-32 metric ton, EURO5 | Cutoff, U",natural gas extraction and processing - Arkla,natural gas extraction and processing - Gulf,"coal extraction and processing - West/Northwest, BIT, Surface",165.849467635087,0.12224587908457678,0.1542176518055953,0.11082977803958098,0.07316292048855133,0.06081925191161544,0.09105997141741216,0.0,298.8036,0.7306608575975317,1.3871111231134852,1.2135852139730123e-05,11.782377695497487,306.8256,329.5246,306.2014
"Electricity; at user; consumption mix - Electric Reliability Council of Texas, Inc. - BA",natural gas extraction and processing - Appalachian,Electricity; at user; consumption mix - PacifiCorp East - BA,"market for transport, freight, lorry 16-32 metric ton, EURO5 | transport, freight, lorry 16-32 metric ton, EURO5 | Cutoff, U",natural gas extraction and processing - Arkla,natural gas extraction and processing - Gulf,"coal extraction and processing - West/Northwest, BIT, Surface",185.47747383198205,0.1308322449998221,0.13066306154092946,0.11715744301586357,0.06079433676609315,0.05578019677430199,0.08638438994797243,0.0,312.7119,0.7517226754313204,1.3870945082663158,1.1718163058152484e-05,11.951300876320847,320.756,343.4912,320.1157
"Electricity; at user; consumption mix - Electric Reliability Council of Texas, Inc. - BA",natural gas extraction and processing - Appalachian,Electricity; at user; consumption mix - PacifiCorp East - BA,"market for transport, freight, lorry 16-32 metric ton, EURO5 | transport, freight, lorry 16-32 metric ton, EURO5 | Cutoff, U",natural gas extraction and processing - Arkla,natural gas extraction and processing - Gulf,"coal extraction and processing - West/Northwest, BIT, Surface",165.06950303446808,0.15916373190983937,0.16714210873886295,0.12484416796661887,0.06282738890846537,0.062449692572321025,0.10354067279142404,0.0,308.0937,0.7758925388131175,1.3865977821550346,1.1994921167970188e-05,12.207200781580095,316.1504,338.9112,315.492
"Electricity; at user; consumption mix - Electric Reliability Council of Texas, Inc. - BA",natural gas extraction and processing - Appalachian,Electricity; at user; consumption mix - PacifiCorp East - BA,"market for transport, freight, lorry 16-32 metric ton, EURO5 | transport, freight, lorry 16-32 metric ton, EURO5 | Cutoff, U",natural gas extraction and processing - Arkla,natural gas extraction and processing - Gulf,"coal extraction and processing - West/Northwest, BIT, Surface",167.46538628229072,0.16001277104204858,0.12949011241438296,0.1100888369117272,0.055873325932351045,0.05612386123441543,0.08920424196328446,0.0,300.7759,0.7242194510145015,1.3834449601724101,1.1288060098728892e-05,11.669967422407838,308.808,331.5101,308.1861
"Electricity; at user; consumption mix - PJM Interconnection, LLC - BA",natural gas extraction and processing - Permian,"Electricity; at user; consumption mix - PJM Interconnection, LLC - BA","market for transport, freight, lorry 7.5-16 metric ton, EURO5 | transport, freight, lorry 7.5-16 metric ton, EURO5 | Cutoff, U",natural gas extraction and processing - Green River,natural gas extraction and processing - Uinta,"coal extraction and processing - Northern Appalachia, BIT, Processing",168.70420699208069,0.1446115904679297,0.14123077682278493,0.11173420668619524,0.061313409938516424,0.0682257289275953,0.07541505886216894,0.0,295.6149,0.6747637253667937,1.3935938259796883,1.3099191544784743e-05,10.684062058282285,304.5362,328.307,303.5283
"Electricity; at user; consumption mix - PJM Interconnection, LLC - BA",natural gas extraction and processing - Permian,"Electricity; at user; consumption mix - PJM Interconnection, LLC - BA","market for transport, freight, lorry 7.5-16 metric ton, EURO5 | transport, freight, lorry 7.5-16 metric ton, EURO5 | Cutoff, U",natural gas extraction and processing - Green River,natural gas extraction and processing - Uinta,"coal extraction and processing - Northern Appalachia, BIT, Processing",201.58695972782553,0.16358584998823789,0.16793159405692829,0.1185906002848439,0.054709239827771525,0.07088757144215257,0.09691316109519307,0.0,339.8916,0.8325024540343107,1.3997181201231779,1.3596710517518881e-05,12.138580141195089,349.3197,373.7619,348.0142
"Electricity; at user; consumption mix - PJM Interconnection, LLC - BA",natural gas extraction and processing - Permian,"Electricity; at user; consumption mix - PJM Interconnection, LLC - BA","market for transport, freight, lorry 7.5-16 metric ton, EURO5 | transport, freight, lorry 7.5-16 metric ton, EURO5 | Cutoff, U",natural gas extraction and processing - Green River,natural gas extraction and processing - Uinta,"coal extraction and processing - Northern Appalachia, BIT, Processing",167.88074220446128,0.1063154044689882,0.17197983845694834,0.11043626895175786,0.06244477286075494,0.06294044684212675,0.0979220103438358,0.0,302.9361,0.7406575860678115,1.393399476969533,1.3027534665458297e-05,11.128810841420805,312.0244,336.0366,310.9123
"Electricity; at user; consumption mix - PJM Interconnection, LLC - BA",natural gas extraction and processing - Permian,"Electricity; at user; consumption mix - PJM Interconnection, LLC - BA","market for transport, freight, lorry 7.5-16 metric ton, EURO5 | transport, freight, lorry 7.5-16 metric ton, EURO5 | Cutoff, U",natural gas extraction and processing - Green River,natural gas extraction and processing - Uinta,"coal extraction and processing - Northern Appalachia, BIT, Processing",169.08341807537138,0.12979383375263423,0.11058235640448794,0.09917039243356346,0.06806568789597962,0.05730917203839629,0.08528037118207861,0.0,299.1886,0.7040409691463947,1.39308304806316,1.296425890309864e-05,10.866512614471153,308.1884,332.0713,307.1328
"Electricity; at user; consumption mix - PJM Interconnection, LLC - BA",natural gas extraction and processing - Permian,"Electricity; at user; consumption mix - PJM Interconnection, LLC - BA","market for transport, freight, lorry 7.5-16 metric ton, EURO5 | transport, freight, lorry 7.5-16 metric ton, EURO5 | Cutoff, U",natural gas extraction and processing - Green River,natural gas extraction and processing - Uinta,"coal extraction and processing - Northern Appalachia, BIT, Processing",158.00891382558962,0.1343820599873463,0.13603232378737187,0.11163286413664451,0.06668473851811488,0.0664078734748876,0.10652267599183987,0.0,302.4383,0.755404576021606,1.3943671101764719,1.338080265270657e-05,11.33256455967573,311.5828,335.6634,310.4369
"Electricity; at user; consumption mix - PJM Interconnection, LLC - BA",natural gas extraction and processing - Permian,"Electricity; at user; consumption mix - PJM Interconnection, LLC - BA","market for transport, freight, lorry 7.5-16 metric ton, EURO5 | transport, freight, lorry 7.5-16 metric ton, EURO5 | Cutoff, U",natural gas extraction and processing - Green River,natural gas extraction and processing - Uinta,"coal extraction and processing - Northern Appalachia, BIT, Processing",172.76818529487988,0.1497229840535745,0.13230171026471793,0.12291367949325048,0.06189918545185527,0.07328077253246318,0.10335539677336511,0.0,316.9822,0.7884543275026281,1.3975584629414295,1.3731744395465664e-05,11.720352597273488,326.2416,350.4689,325.0288
"Electricity; at user; consumption mix - PJM Interconnection, LLC - BA",natural gas extraction and processing - Permian,"Electricity; at user; consumption mix - PJM Interconnection, LLC - BA","market for transport, freight, lorry 7.5-16 metric ton, EURO5 | transport, freight, lorry 7.5-16 metric ton, EURO5 | Cutoff, U",natural gas extraction and processing - Green River,natural gas extraction and processing - Uinta,"coal extraction and processing - Northern Appalachia, BIT, Processing",172.58245942802387,0.10536282597425804,0.15144983422752314,0.10849580669695356,0.0629081955280326,0.06363658909263187,0.0977650109419862,0.0,307.2915,0.7520919825374521,1.3943940604556482,1.3137374718466413e-05,11.248857135516417,316.4133,340.4705,315.2808
"Electricity; at user; consumption mix - PJM Interconnection, LLC - BA",natural gas extraction and processing - Permian,"Electricity; at user; consumption mix - PJM Interconnection, LLC - BA","market for transport, freight, lorry 7.5-16 metric ton, EURO5 | transport, freight, lorry 7.5-16 metric ton, EURO5 | Cutoff, U",natural gas extraction and processing - Green River,natural gas extraction and processing - Uinta,"coal extraction and processing - Northern Appalachia, BIT, Processing",182.4153380733664,0.1422912643120274,0.1506114426423232,0.11453507732329933,0.06308358822548074,0.07652910722984935,0.09899249576986174,0.0,323.5773,0.7979516078107695,1.399634737842357,1.3980441710605682e-05,11.855970020559612,332.8598,357.1187,331.6319
"Electricity; at user; consumption mix - PJM Interconnection, LLC - BA",natural gas extraction and processing - Permian,"Electricity; at user; consumption mix - PJM Interconnection, LLC - BA","market for transport, freight, lorry 7.5-16 metric ton, EURO5 | transport, freight, lorry 7.5-16 metric ton, EURO5 | Cutoff, U",natural gas extraction and processing - Green River,natural gas extraction and processing - Uinta,"coal extraction and processing - Northern Appalachia, BIT, Processing",160.02495095652165,0.10702898578361034,0.12866091609412342,0.1181249879672662,0.062331403757993065,0.07011284172669487,0.09268706053447041,0.0,294.5455,0.7097176115529634,1.3936046907886117,1.3244771074267627e-05,10.912028359460725,303.5333,327.4101,302.4785
"Electricity; at user; consumption mix - PJM Interconnection, LLC - BA",natural gas extraction and processing - Permian,"Electricity; at user; consumption mix - PJM Interconnection, LLC - BA","market for transport, freight, lorry 7.5-16 metric ton, EURO5 | transport, freight, lorry 7.5-16 metric ton, EURO5 | Cutoff, U",natural gas extraction and processing - Green River,natural gas extraction and processing - Uinta,"coal extraction and processing - Northern Appalachia, BIT, Processing",164.82333080555975,0.13899619386698542,0.13037789808842037,0.1065812560940003,0.063741977066328,0.07168542855099647,0.10111646367963968,0.0,306.6496,0.7564825581304088,1.3954384861092213,1.3474922306031949e-05,11.382587318653123,315.8032,339.893,314.6528
"Electricity; at user; consumption mix - Midcontinent Independent System Operator, Inc. - BA",natural gas extraction and processing - Gulf,Electricity; at user; consumption mix - Florida Power & Light Co. - BA,"market for transport, freight, lorry 16-32 metric ton, EURO6 | transport, freight, lorry 16-32 metric ton, EURO6 | Cutoff, U",natural gas extraction and processing - Anadarko,natural gas extraction and processing - Appalachian,"coal extraction and processing - Rocky Mountain, WC, Surface",183.41794122563908,0.11227353424264122,0.1493138653249639,0.10574185068306358,0.06401223105965978,0.06570752554512256,0.09129055203357034,0.0,314.9441,0.8037961151906531,1.3903612237360605,1.1922517962104484e-05,13.437737726971422,323.5682,346.9818,322.6628
"Electricity; at user; consumption mix - Midcontinent Independent System Operator, Inc. - BA",natural gas extraction and processing - Gulf,Electricity; at user; consumption mix - Florida Power & Light Co. - BA,"market for transport, freight, lorry 16-32 metric ton, EURO6 | transport, freight, lorry 16-32 metric ton, EURO6 | Cutoff, U",natural gas extraction and processing - Anadarko,natural gas extraction and processing - Appalachian,"coal extraction and processing - Rocky Mountain, WC, Surface",166.9240530047946,0.1570718862368746,0.10052920368833076,0.11646316018978967,0.06288801391664063,0.061480551325905276,0.08893884019646829,0.0,302.3508,0.7643612570711442,1.3875326858787755,1.1575550897587344e-05,13.17964319202285,310.9678,334.3411,310.0836
"Electricity; at user; consumption mix - Midcontinent Independent System Operator, Inc. - BA",natural gas extraction and processing - Gulf,Electricity; at user; consumption mix - Florida Power & Light Co. - BA,"market for transport, freight, lorry 16-32 metric ton, EURO6 | transport, freight, lorry 16-32 metric ton, EURO6 | Cutoff, U",natural gas extraction and processing - Anadarko,natural gas extraction and processing - Appalachian,"coal extraction and processing - Rocky Mountain, WC, Surface",175.7112226727932,0.13060869469130681,0.130458680686965,0.1114501344127234,0.05454862586572267,0.07233374633359319,0.09033909307517132,0.0,308.5539,0.7844185508541701,1.3885965858198466,1.1657030380212369e-05,13.296787337158198,317.1713,340.5615,316.2781
"Electricity; at user; consumption mix - Midcontinent Independent System Operator, Inc. - BA",natural gas extraction and processing - Gulf,Electricity; at user; consumption mix - Florida Power & Light Co. - BA,"market for transport, freight, lorry 16-32 metric ton, EURO6 | transport, freight, lorry 16-32 metric ton, EURO6 | Cutoff, U",natural gas extraction and processing - Anadarko,natural gas extraction and processing - Appalachian,"coal extraction and processing - Rocky Mountain, WC, Surface",152.61038583084877,0.07166720137165028,0.14515608951107362,0.08716130844848047,0.06935363851460082,0.06078858077627085,0.1079700198401165,0.0,292.7842,0.780030337659078,1.3856011799452759,1.1595015623497906e-05,12.974752260680305,301.3295,324.648,300.4692
"Electricity; at user; consumption mix - Midcontinent Independent System Operator, Inc. - BA",natural gas extraction and processing - Gulf,Electricity; at user; consumption mix - Florida Power & Light Co. - BA,"market for transport, freight, lorry 16-32 metric ton, EURO6 | transport, freight, lorry 16-32 metric ton, EURO6 | Cutoff, U",natural gas extraction and processing - Anadarko,natural gas extraction and processing - Appalachian,"coal extraction and processing - Rocky Mountain, WC, Surface",142.84451309049408,0.17046448330103917,0.11852456762542075,0.11229999264376667,0.07205219463858079,0.07018009558073002,0.09213052323458756,0.0,286.1495,0.7280886186568265,1.3866991537936302,1.1977460946703439e-05,12.834349709309004,294.7311,318.0448,293.8758
"Electricity; at user; consumption mix - Midcontinent Independent System Operator, Inc. - BA",natural gas extraction and processing - Gulf,Electricity; at user; consumption mix - Florida Power & Light Co. - BA,"market for transport, freight, lorry 16-32 metric ton, EURO6 | transport, freight, lorry 16-32 metric ton, EURO6 | Cutoff, U",natural gas extraction and processing - Anadarko,natural gas extraction and processing - Appalachian,"coal extraction and processing - Rocky Mountain, WC, Surface",167.20079110597618,0.12644411837639796,0.12697899136982138,0.10461828297636672,0.061221274696779016,0.07062774433352091,0.1006574076187156,0.0,306.8299,0.8017421475901019,1.3885205594635077,1.1822232482061337e-05,13.397754974867071,315.449,338.8549,314.5465
"Electricity; at user; consumption mix - Midcontinent Independent System Operator, Inc. - BA",natural gas extraction and processing - Gulf,Electricity; at user; consumption mix - Florida Power & Light Co. - BA,"market for transport, freight, lorry 16-32 metric ton, EURO6 | transport, freight, lorry 16-32 metric ton, EURO6 | Cutoff, U",natural gas extraction and processing - Anadarko,natural gas extraction and processing - Appalachian,"coal extraction and processing - Rocky Mountain, WC, Surface",191.69945433082324,0.14380349725966102,0.16072448457142974,0.11391814742924541,0.057722800131405856,0.06333100138204024,0.10341481622921832,0.0,330.7821,0.8725024453208723,1.39152392752838,1.1829520542900906e-05,14.143993128048903,339.4878,363.0304,338.517
"Electricity; at user; consumption mix - Midcontinent Independent System Operator, Inc. - BA",natural gas extraction and processing - Gulf,Electricity; at user; consumption mix - Florida Power & Light Co. - BA,"market for transport, freight, lorry 16-32 metric ton, EURO6 | transport, freight, lorry 16-32 metric ton, EURO6 | Cutoff, U",natural gas extraction and processing - Anadarko,natural gas extraction and processing - Appalachian,"coal extraction and processing - Rocky Mountain, WC, Surface",170.9774173570659,0.08492074329563934,0.20719707190789502,0.10796934667966385,0.062447666326599066,0.0701686894384648,0.11896505621714176,0.0,316.705,0.8688075104563546,1.3898982185389739,1.206346343444403e-05,13.831074429286229,325.3387,348.8121,324.3994
"Electricity; at user; consumption mix - Midcontinent Independent System Operator, Inc. - BA",natural gas extraction and processing - Gulf,Electricity; at user; consumption mix - Florida Power & Light Co. - BA,"market for transport, freight, lorry 16-32 metric ton, EURO6 | transport, freight, lorry 16-32 metric ton, EURO6 | Cutoff, U",natural gas extraction and processing - Anadarko,natural gas extraction and processing - Appalachian,"coal extraction and processing - Rocky Mountain, WC, Surface",152.66121397799384,0.13293047471779557,0.10782533129549908,0.1170343484383985,0.06341099971055825,0.06805013118219408,0.0901258365952618,0.0,289.5795,0.7349731713983165,1.386044575976543,1.164622453274804e-05,12.801980222641868,298.1437,321.4449,297.2947
"Electricity; at user; consumption mix - Midcontinent Independent System Operator, Inc. - BA",natural gas extraction and processing - Gulf,Electricity; at user; consumption mix - Florida Power & Light Co. - BA,"market for transport, freight, lorry 16-32 metric ton, EURO6 | transport, freight, lorry 16-32 metric ton, EURO6 | Cutoff, U",natural gas extraction and processing - Anadarko,natural gas extraction and processing - Appalachian,"coal extraction and processing - Rocky Mountain, WC, Surface",168.1661017012893,0.1506179613376035,0.1367002223118645,0.10015316510166623,0.06575405963767207,0.07186717733448805,0.0864917342142058,0.0,303.2745,0.761540966132476,1.3891315214570163,1.1955818220540458e-05,13.167063536033522,311.8907,335.2635,311.0066
Electricity; at user; consumption mix - LG&E and KU Services Company as agent for Louisville Gas and Electric Company and Kentucky Utilities Company - BA,natural gas extraction and processing - Permian,"Electricity; at user; consumption mix - Southern Company Services, Inc. - Trans - BA","market for transport, freight, lorry 7.5-16 metric ton, EURO5 | transport, freight, lorry 7.5-16 metric ton, EURO5 | Cutoff, U",natural gas extraction and processing - Appalachian,natural gas extraction and processing - Permian,"coal extraction and processing - West/Northwest, BIT, Underground",195.83087945991673,0.2057887113520923,0.14014323072254994,0.11082554926285826,0.07072933555909759,0.06525389271801177,0.09204040753755889,0.0,351.5094,0.8242618008628902,1.4028460479058649,1.4285638477950575e-05,12.7289535675588,359.7277,382.7914,358.9757
Electricity; at user; consumption mix - LG&E and KU Services Company as agent for Louisville Gas and Electric Company and Kentucky Utilities Company - BA,natural gas extraction and processing - Permian,"Electricity; at user; consumption mix - Southern Company Services, Inc. - Trans - BA","market for transport, freight, lorry 7.5-16 metric ton, EURO5 | transport, freight, lorry 7.5-16 metric ton, EURO5 | Cutoff, U",natural gas extraction and processing - Appalachian,natural gas extraction and processing - Permian,"coal extraction and processing - West/Northwest, BIT, Underground",172.22303973761126,0.15530467702033865,0.10844122943687194,0.09441175675662933,0.06305658590714061,0.07129018260699772,0.10925866344460541,0.0,331.1162,0.8125346543638212,1.3973402015199359,1.366595434028228e-05,12.244682155466055,339.2376,362.2016,338.5356
Electricity; at user; consumption mix - LG&E and KU Services Company as agent for Louisville Gas and Electric Company and Kentucky Utilities Company - BA,natural gas extraction and processing - Permian,"Electricity; at user; consumption mix - Southern Company Services, Inc. - Trans - BA","market for transport, freight, lorry 7.5-16 metric ton, EURO5 | transport, freight, lorry 7.5-16 metric ton, EURO5 | Cutoff, U",natural gas extraction and processing - Appalachian,natural gas extraction and processing - Permian,"coal extraction and processing - West/Northwest, BIT, Underground",155.85186117323974,0.16960603006241237,0.14750636227573496,0.11906873227103068,0.06452194352639197,0.06958538444622203,0.12868227257034448,0.0,326.5613,0.8352173862872077,1.3965164743595353,1.3768696203813676e-05,12.41731469423521,334.683,357.6619,333.9698
Electricity; at user; consumption mix - LG&E and KU Services Company as agent for Louisville Gas and Electric Company and Kentucky Utilities Company - BA,natural gas extraction and processing - Permian,"Electricity; at user; consumption mix - Southern Company Services, Inc. - Trans - BA","market for transport, freight, lorry 7.5-16 metric ton, EURO5 | transport, freight, lorry 7.5-16 metric ton, EURO5 | Cutoff, U",natural gas extraction and processing - Appalachian,natural gas extraction and processing - Permian,"coal extraction and processing - West/Northwest, BIT, Underground",170.97973249866018,0.11506431459590581,0.1495802065318299,0.1110432502240326,0.07069793613439675,0.05929106729634042,0.11542968547489857,0.0,329.0072,0.8236907346883395,1.397234847684978,1.370218416822877e-05,12.211004212681884,337.0944,360.0348,336.4025
Electricity; at user; consumption mix - LG&E and KU Services Company as agent for Louisville Gas and Electric Company and Kentucky Utilities Company - BA,natural gas extraction and processing - Permian,"Electricity; at user; consumption mix - Southern Company Services, Inc. - Trans - BA","market for transport, freight, lorry 7.5-16 metric ton, EURO5 | transport, freight, lorry 7.5-16 metric ton, EURO5 | Cutoff, U",natural gas extraction and processing - Appalachian,natural gas extraction and processing - Permian,"coal extraction and processing - West/Northwest, BIT, Underground",190.44425213186037,0.1853009858528174,0.18871947379795764,0.12697248618841628,0.06959420994608981,0.06658050990980996,0.11975138676586299,0.0,360.3097,0.9164224181403136,1.403929511968127,1.4550680034192524e-05,13.406616758633099,368.5295,391.66,367.7356
Electricity; at user; consumption mix - LG&E and KU Services Company as agent for Louisville Gas and Electric Company and Kentucky Utilities Company - BA,natural gas extraction and processing - Permian,"Electricity; at user; consumption mix - Southern Company Services, Inc. - Trans - BA","market for transport, freight, lorry 7.5-16 metric ton, EURO5 | transport, freight, lorry 7.5-16 metric ton, EURO5 | Cutoff, U",natural gas extraction and processing - Appalachian,natural gas extraction and processing - Permian,"coal extraction and processing - West/Northwest, BIT, Underground",146.4318149902197,0.1422235213991171,0.15580629899125634,0.09646845222381538,0.06377022343038226,0.05701057284532199,0.09272121554704776,0.0,295.322,0.6823888898729695,1.3891057763200754,1.258353660947968e-05,10.876221420896949,303.345,326.1226,302.7468
Electricity; at user; consumption mix - LG&E and KU Services Company as agent for Louisville Gas and Electric Company and Kentucky Utilities Company - BA,natural gas extraction and processing - Permian,"Electricity; at user; consumption mix - Southern Company Services, Inc. - Trans - BA","market for transport, freight, lorry 7.5-16 metric ton, EURO5 | transport, freight, lorry 7.5-16 metric ton, EURO5 | Cutoff, U",natural gas extraction and processing - Appalachian,natural gas extraction and processing - Permian,"coal extraction and processing - West/Northwest, BIT, Underground",186.96000010788467,0.0990825542784151,0.16039679336237564,0.12351635988521613,0.05602370302323531,0.06591132128962122,0.07726204970095868,0.0,319.3736,0.7132220658059174,1.3955422902706378,1.3178753871167613e-05,11.24162842261973,327.4205,350.2462,326.7974
Electricity; at user; consumption mix - LG&E and KU Services Company as agent for Louisville Gas and Electric Company and Kentucky Utilities Company - BA,natural gas extraction and processing - Permian,"Electricity; at user; consumption mix - Southern Company Services, Inc. - Trans - BA","market for transport, freight, lorry 7.5-16 metric ton, EURO5 | transport, freight, lorry 7.5-16 metric ton, EURO5 | Cutoff, U",natural gas extraction and processing - Appalachian,natural gas extraction and processing - Permian,"coal extraction and processing - West/Northwest, BIT, Underground",169.28385141611867,0.15470611352576408,0.1131373358883388,0.1098115966845871,0.07000123892738683,0.060471124523481544,0.08797805519175585,0.0,317.7096,0.731831493209644,1.3959928896705651,1.352119172692634e-05,11.570676122046752,325.8025,348.6822,325.1485
Electricity; at user; consumption mix - LG&E and KU Services Company as agent for Louisville Gas and Electric Company and Kentucky Utilities Company - BA,natural gas extraction and processing - Permian,"Electricity; at user; consumption mix - Southern Company Services, Inc. - Trans - BA","market for transport, freight, lorry 7.5-16 metric ton, EURO5 | transport, freight, lorry 7.5-16 metric ton, EURO5 | Cutoff, U",natural gas extraction and processing - Appalachian,natural gas extraction and processing - Permian,"coal extraction and processing - West/Northwest, BIT, Underground",181.17049813219376,0.14395035965293823,0.10594982389487782,0.09902724531309956,0.07086572342413239,0.06219135968038955,0.10389129524535483,0.0,335.9865,0.8161103282825237,1.398941179354231,1.383899195156986e-05,12.3053507673908,344.1123,367.0838,343.4064
Electricity; at user; consumption mix - LG&E and KU Services Company as agent for Louisville Gas and Electric Company and Kentucky Utilities Company - BA,natural gas extraction and processing - Permian,"Electricity; at user; consumption mix - Southern Company Services, Inc. - Trans - BA","market for transport, freight, lorry 7.5-16 metric ton, EURO5 | transport, freight, lorry 7.5-16 metric ton, EURO5 | Cutoff, U",natural gas extraction and processing - Appalachian,natural gas extraction and processing - Permian,"coal extraction and processing - West/Northwest, BIT, Underground",167.52872742381683,0.08692728692686177,0.10307373587642893,0.09866639340541684,0.07160909773584387,0.06352865988121405,0.11031153391039648,0.0,320.7615,0.7931703827950336,1.3966875494203443,1.3713964137146041e-05,11.878603286138402,328.8124,351.6974,328.1496
"Electricity; at user; consumption mix - Midcontinent Independent System Operator, Inc. - BA",natural gas extraction and processing - Gulf,"Electricity; at user; consumption mix - Southern Company Services, Inc. - Trans - BA","market for transport, freight, lorry 16-32 metric ton, EURO5 | transport, freight, lorry 16-32 metric ton, EURO5 | Cutoff, U",natural gas extraction and processing - Permian,natural gas extraction and processing - Green River,"coal extraction and processing - Northern Appalachia, WC, Underground",202.37071685038393,0.10950084391756462,0.1078245380285649,0.13379104391677238,0.07253383411466635,0.06093295407272524,0.12205124188405375,0.0,361.6572,1.017437236629896,1.399679985649646,1.3139137976184174e-05,16.165423219284722,371.6161,396.6293,370.0047
"Electricity; at user; consumption mix - Midcontinent Independent System Operator, Inc. - BA",natural gas extraction and processing - Gulf,"Electricity; at user; consumption mix - Southern Company Services, Inc. - Trans - BA","market for transport, freight, lorry 16-32 metric ton, EURO5 | transport, freight, lorry 16-32 metric ton, EURO5 | Cutoff, U",natural gas extraction and processing - Permian,natural gas extraction and processing - Green River,"coal extraction and processing - Northern Appalachia, WC, Underground",178.28084536736642,0.07855681340771495,0.165613219910602,0.09969002539034254,0.06242862221207147,0.06435638192029566,0.08824457595756058,0.0,311.5974,0.8075370870830207,1.3904983246726252,1.1857375567349584e-05,14.082346120044276,320.931,345.1082,319.6974
"Electricity; at user; consumption mix - Midcontinent Independent System Operator, Inc. - BA",natural gas extraction and processing - Gulf,"Electricity; at user; consumption mix - Southern Company Services, Inc. - Trans - BA","market for transport, freight, lorry 16-32 metric ton, EURO5 | transport, freight, lorry 16-32 metric ton, EURO5 | Cutoff, U",natural gas extraction and processing - Permian,natural gas extraction and processing - Green River,"coal extraction and processing - Northern Appalachia, WC, Underground",192.57951741198335,0.21972389130600128,0.11570406189460336,0.09817586405876257,0.05438308216321981,0.06561416860197321,0.11393964404532794,0.0,355.9418,0.9666059714655861,1.394737386897463,1.2108321676830928e-05,15.903439056786796,365.8189,390.6873,364.2716
"Electricity; at user; consumption mix - Midcontinent Independent System Operator, Inc. - BA",natural gas extraction and processing - Gulf,"Electricity; at user; consumption mix - Southern Company Services, Inc. - Trans - BA","market for transport, freight, lorry 16-32 metric ton, EURO5 | transport, freight, lorry 16-32 metric ton, EURO5 | Cutoff, U",natural gas extraction and processing - Permian,natural gas extraction and processing - Green River,"coal extraction and processing - Northern Appalachia, WC, Underground",155.1272335280246,0.15773050769877336,0.13612262594479083,0.11404157726235652,0.06575319913732079,0.07321667013869312,0.09940779470021874,0.0,306.8789,0.8140627734218734,1.3906603496118861,1.2276585208704127e-05,14.379305541889813,316.252,340.4633,314.9953
"Electricity; at user; consumption mix - Midcontinent Independent System Operator, Inc. - BA",natural gas extraction and processing - Gulf,"Electricity; at user; consumption mix - Southern Company Services, Inc. - Trans - BA","market for transport, freight, lorry 16-32 metric ton, EURO5 | transport, freight, lorry 16-32 metric ton, EURO5 | Cutoff, U",natural gas extraction and processing - Permian,natural gas extraction and processing - Green River,"coal extraction and processing - Northern Appalachia, WC, Underground",168.70369008388116,0.12714634310479017,0.13757728722669657,0.09631646099882309,0.06326453854243011,0.06770936850874841,0.09529530413523013,0.0,312.7491,0.8221001530945627,1.3905110163217076,1.1977780929442202e-05,14.343016969042155,322.1437,346.3904,320.8755
"Electricity; at user; consumption mix - Midcontinent Independent System Operator, Inc. - BA",natural gas extraction and processing - Gulf,"Electricity; at user; consumption mix - Southern Company Services, Inc. - Trans - BA","market for transport, freight, lorry 16-32 metric ton, EURO5 | transport, freight, lorry 16-32 metric ton, EURO5 | Cutoff, U",natural gas extraction and processing - Permian,natural gas extraction and processing - Green River,"coal extraction and processing - Northern Appalachia, WC, Underground",174.88983909639808,0.19598387107859777,0.10292101307699676,0.10989826315093619,0.07089897570426275,0.0625473138908604,0.09765313209743595,0.0,328.4795,0.8630165386158568,1.393692776813991,1.2431149734732024e-05,14.992805580158928,338.0192,362.441,336.6667
"Electricity; at user; consumption mix - Midcontinent Independent System Operator, Inc. - BA",natural gas extraction and processing - Gulf,"Electricity; at user; consumption mix - Southern Company Services, Inc. - Trans - BA","market for transport, freight, lorry 16-32 metric ton, EURO5 | transport, freight, lorry 16-32 metric ton, EURO5 | Cutoff, U",natural gas extraction and processing - Permian,natural gas extraction and processing - Green River,"coal extraction and processing - Northern Appalachia, WC, Underground",159.05933455037533,0.10967846725732656,0.11097076770208691,0.10707741468741991,0.07492406290811816,0.0619582530687505,0.11981745452475942,0.0,316.4848,0.8818137161727262,1.391739070060176,1.2408546288360407e-05,14.81739813048979,326.0422,350.5164,324.6719
"Electricity; at user; consumption mix - Midcontinent Independent System Operator, Inc. - BA",natural gas extraction and processing - Gulf,"Electricity; at user; consumption mix - Southern Company Services, Inc. - Trans - BA","market for transport, freight, lorry 16-32 metric ton, EURO5 | transport, freight, lorry 16-32 metric ton, EURO5 | Cutoff, U",natural gas extraction and processing - Permian,natural gas extraction and processing - Green River,"coal extraction and processing - Northern Appalachia, WC, Underground",167.89679358627544,0.14505612374000557,0.11652176480950005,0.10104991316320189,0.06805350254508707,0.05963137283481884,0.0796824936587517,0.0,305.1609,0.7692863510415813,1.389639689297748,1.1841882700638164e-05,13.951521959998626,314.4059,338.4442,313.229
"Electricity; at user; consumption mix - Midcontinent Independent System Operator, Inc. - BA",natural gas extraction and processing - Gulf,"Electricity; at user; consumption mix - Southern Company Services, Inc. - Trans - BA","market for transport, freight, lorry 16-32 metric ton, EURO5 | transport, freight, lorry 16-32 metric ton, EURO5 | Cutoff, U",natural gas extraction and processing - Permian,natural gas extraction and processing - Green River,"coal extraction and processing - Northern Appalachia, WC, Underground",167.09114709929207,0.17841881766889314,0.0976425860809554,0.11943705299940802,0.06520394712657804,0.06459863800533489,0.09775920215416235,0.0,318.4975,0.838366574940554,1.3915734188037807,1.2168803297998464e-05,14.657045988072976,327.958,352.2798,326.6525
"Electricity; at user; consumption mix - Midcontinent Independent System Operator, Inc. - BA",natural gas extraction and processing - Gulf,"Electricity; at user; consumption mix - Southern Company Services, Inc. - Trans - BA","market for transport, freight, lorry 16-32 metric ton, EURO5 | transport, freight, lorry 16-32 metric ton, EURO5 | Cutoff, U",natural gas extraction and processing - Permian,natural gas extraction and processing - Green River,"coal extraction and processing - Northern Appalachia, WC, Underground",159.7515969102855,0.1413635768092514,0.13022018197569038,0.10950126458750296,0.07182852112244602,0.06191963373059565,0.09041616805654858,0.0,304.4168,0.7911966363240928,1.3901810810298725,1.2117250362003748e-05,14.138917709627979,313.7189,337.8372,312.505
Electricity; at user; consumption mix - Duke Energy Carolinas - BA,natural gas extraction and processing - East Texas,"Electricity; at user; consumption mix - Electric Reliability Council of Texas, Inc. - BA","market for transport, freight, lorry 7.5-16 metric ton, EURO6 | transport, freight, lorry 7.5-16 metric ton, EURO6 | Cutoff, U",natural gas extraction and processing - Permian,natural gas extraction and processing - Appalachian,"coal extraction and processing - Central Interior, BIT, Processing",170.37642463655564,0.1519133886247916,0.12990259339977392,0.09469731195445208,0.0762670187624414,0.0638493876676752,0.08934046702067827,0.0,299.9236,0.6940739689981767,1.3953145675182708,1.3669413160651275e-05,10.37551671980526,308.2822,331.4565,307.5208
Electricity; at user; consumption mix - Duke Energy Carolinas - BA,natural gas extraction and processing - East Texas,"Electricity; at user; consumption mix - Electric Reliability Council of Texas, Inc. - BA","market for transport, freight, lorry 7.5-16 metric ton, EURO6 | transport, freight, lorry 7.5-16 metric ton, EURO6 | Cutoff, U",natural gas extraction and processing - Permian,natural gas extraction and processing - Appalachian,"coal extraction and processing - Central Interior, BIT, Processing",196.61770108141224,0.15224515987878703,0.15696954965841853,0.13122893250068388,0.056761849170612104,0.06735569239521838,0.11286798512052718,0.0,335.4346,0.8462855923825341,1.3984646990666902,1.3626349819887389e-05,11.768957872811312,343.9462,367.3783,343.0512
Electricity; at user; consumption mix - Duke Energy Carolinas - BA,natural gas extraction and processing - East Texas,"Electricity; at user; consumption mix - Electric Reliability Council of Texas, Inc. - BA","market for transport, freight, lorry 7.5-16 metric ton, EURO6 | transport, freight, lorry 7.5-16 metric ton, EURO6 | Cutoff, U",natural gas extraction and processing - Permian,natural gas extraction and processing - Appalachian,"coal extraction and processing - Central Interior, BIT, Processing",188.27821840588865,0.10354499379827285,0.1399415164201443,0.14259465456615292,0.06248631343493175,0.06043335038856714,0.11059895590614051,0.0,320.4645,0.7976465813016802,1.3964875302330582,1.3528692469263222e-05,11.072163121182845,328.8623,352.1653,328.041
Electricity; at user; consumption mix - Duke Energy Carolinas - BA,natural gas extraction and processing - East Texas,"Electricity; at user; consumption mix - Electric Reliability Council of Texas, Inc. - BA","market for transport, freight, lorry 7.5-16 metric ton, EURO6 | transport, freight, lorry 7.5-16 metric ton, EURO6 | Cutoff, U",natural gas extraction and processing - Permian,natural gas extraction and processing - Appalachian,"coal extraction and processing - Central Interior, BIT, Processing",168.73092167663498,0.14562541306336763,0.13497589645543426,0.1014000612768318,0.0742035462664453,0.05786505270414932,0.10364386475033938,0.0,303.696,0.7344579435740715,1.3941762421061352,1.3415515024244078e-05,10.651307464356238,312.0729,335.2967,311.287
Electricity; at user; consumption mix - Duke Energy Carolinas - BA,natural gas extraction and processing - East Texas,"Electricity; at user; consumption mix - Electric Reliability Council of Texas, Inc. - BA","market for transport, freight, lorry 7.5-16 metric ton, EURO6 | transport, freight, lorry 7.5-16 metric ton, EURO6 | Cutoff, U",natural gas extraction and processing - Permian,natural gas extraction and processing - Appalachian,"coal extraction and processing - Central Interior, BIT, Processing",178.91106650189587,0.13513149865835775,0.13187578315944937,0.12469417667318773,0.07156436789892344,0.0642202998648881,0.08335628542048162,0.0,302.5689,0.6872148932502843,1.3962210876448637,1.3732472992391273e-05,10.292461974019744,310.9137,334.0732,310.1619
Electricity; at user; consumption mix - Duke Energy Carolinas - BA,natural gas extraction and processing - East Texas,"Electricity; at user; consumption mix - Electric Reliability Council of Texas, Inc. - BA","market for transport, freight, lorry 7.5-16 metric ton, EURO6 | transport, freight, lorry 7.5-16 metric ton, EURO6 | Cutoff, U",natural gas extraction and processing - Permian,natural gas extraction and processing - Appalachian,"coal extraction and processing - Central Interior, BIT, Processing",165.57892299982905,0.13982561305048125,0.1409001074750669,0.11321101291234804,0.07387956673384594,0.058966659358153074,0.08258052943301625,0.0,289.9759,0.6537875288305234,1.3930155925036267,1.3334840640808559e-05,9.944044636727424,298.2785,321.3705,297.5611
Electricity; at user; consumption mix - Duke Energy Carolinas - BA,natural gas extraction and processing - East Texas,"Electricity; at user; consumption mix - Electric Reliability Council of Texas, Inc. - BA","market for transport, freight, lorry 7.5-16 metric ton, EURO6 | transport, freight, lorry 7.5-16 metric ton, EURO6 | Cutoff, U",natural gas extraction and processing - Permian,natural gas extraction and processing - Appalachian,"coal extraction and processing - Central Interior, BIT, Processing",156.83559959228765,0.1133891468848233,0.2212953592826936,0.08995174031177186,0.0713122010347446,0.06984044904333535,0.11502168346122509,0.0,295.6294,0.7324486491830451,1.3933608593873077,1.3544504092094287e-05,10.441280748391971,303.956,327.1424,303.1935
Electricity; at user; consumption mix - Duke Energy Carolinas - BA,natural gas extraction and processing - East Texas,"Electricity; at user; consumption mix - Electric Reliability Council of Texas, Inc. - BA","market for transport, freight, lorry 7.5-16 metric ton, EURO6 | transport, freight, lorry 7.5-16 metric ton, EURO6 | Cutoff, U",natural gas extraction and processing - Permian,natural gas extraction and processing - Appalachian,"coal extraction and processing - Central Interior, BIT, Processing",183.63978680270444,0.1735260875454581,0.12955086907433294,0.09134182547038115,0.0599499466853463,0.055849831977586854,0.09795071609514035,0.0,313.8086,0.7524705492057644,1.3923716723209398,1.262497151207717e-05,10.96865705378335,322.2439,345.5199,321.4266
Electricity; at user; consumption mix - Duke Energy Carolinas - BA,natural gas extraction and processing - East Texas,"Electricity; at user; consumption mix - Electric Reliability Council of Texas, Inc. - BA","market for transport, freight, lorry 7.5-16 metric ton, EURO6 | transport, freight, lorry 7.5-16 metric ton, EURO6 | Cutoff, U",natural gas extraction and processing - Permian,natural gas extraction and processing - Appalachian,"coal extraction and processing - Central Interior, BIT, Processing",180.0743119052343,0.10063413672901872,0.09908847721021542,0.11154503207012118,0.06702500964857952,0.06978753742530953,0.10185928599618277,0.0,309.1508,0.745503992964521,1.3962419583779677,1.3712058286303349e-05,10.607261226705004,317.4988,340.7171,316.7215
Electricity; at user; consumption mix - Duke Energy Carolinas - BA,natural gas extraction and processing - East Texas,"Electricity; at user; consumption mix - Electric Reliability Council of Texas, Inc. - BA","market for transport, freight, lorry 7.5-16 metric ton, EURO6 | transport, freight, lorry 7.5-16 metric ton, EURO6 | Cutoff, U",natural gas extraction and processing - Permian,natural gas extraction and processing - Appalachian,"coal extraction and processing - Central Interior, BIT, Processing",181.04048668044254,0.14396926250798417,0.16985765358949678,0.10438611001508571,0.06280863881285946,0.07596675568087681,0.0891936053075303,0.0,307.9864,0.7149691124788913,1.3962802422795784,1.3649145658657901e-05,10.56793391276041,316.3653,339.5751,315.5863
Electricity; at user; consumption mix - Southwest Power Pool - BA,natural gas extraction and processing - Appalachian,Electricity; at user; consumption mix - ISO-NE - BA,"market for transport, freight, lorry 7.5-16 metric ton, EURO5 | transport, freight, lorry 7.5-16 metric ton, EURO5 | Cutoff, U",natural gas extraction and processing - Gulf,natural gas extraction and processing - Anadarko,"coal extraction and processing - Rocky Mountain, WC, Surface",167.89592979115082,0.12239306730281184,0.16066514471186397,0.11493868074136679,0.06677495302411407,0.0705261683307314,0.09268683978336693,0.0,302.7308,0.7389436568098278,1.3975060151617809,1.3905417877181307e-05,11.472000595060312,310.7751,333.5586,310.1275
Electricity; at user; consumption mix - Southwest Power Pool - BA,natural gas extraction and processing - Appalachian,Electricity; at user; consumption mix - ISO-NE - BA,"market for transport, freight, lorry 7.5-16 metric ton, EURO5 | transport, freight, lorry 7.5-16 metric ton, EURO5 | Cutoff, U",natural gas extraction and processing - Gulf,natural gas extraction and processing - Anadarko,"coal extraction and processing - Rocky Mountain, WC, Surface",168.76678344341812,0.16273315818698716,0.14136076070273867,0.12425855798324836,0.06659264069361936,0.06184967192749572,0.08833246812434875,0.0,302.6022,0.725879850959166,1.3962749740377185,1.3616484942111852e-05,11.396217162619568,310.6573,333.4382,310.0105
Electricity; at user; consumption mix - Southwest Power Pool - BA,natural gas extraction and processing - Appalachian,Electricity; at user; consumption mix - ISO-NE - BA,"market for transport, freight, lorry 7.5-16 metric ton, EURO5 | transport, freight, lorry 7.5-16 metric ton, EURO5 | Cutoff, U",natural gas extraction and processing - Gulf,natural gas extraction and processing - Anadarko,"coal extraction and processing - Rocky Mountain, WC, Surface",172.01972623784346,0.10054772679307668,0.12448870227857024,0.08463097399086097,0.061793606587008276,0.07132602579239311,0.10331032579734857,0.0,308.2433,0.7756017336755631,1.3960462765305288,1.350681803702101e-05,11.64760028434145,316.2955,339.1175,315.6313
Electricity; at user; consumption mix - Southwest Power Pool - BA,natural gas extraction and processing - Appalachian,Electricity; at user; consumption mix - ISO-NE - BA,"market for transport, freight, lorry 7.5-16 metric ton, EURO5 | transport, freight, lorry 7.5-16 metric ton, EURO5 | Cutoff, U",natural gas extraction and processing - Gulf,natural gas extraction and processing - Anadarko,"coal extraction and processing - Rocky Mountain, WC, Surface",173.13222720282866,0.12688268454783258,0.16253044167715358,0.11309312935997111,0.06579606987936666,0.06704176392064387,0.08930669224314086,0.0,304.8947,0.736251199691033,1.3971660512506177,1.3737134522473578e-05,11.441029445329718,312.9411,335.7245,312.2945
Electricity; at user; consumption mix - Southwest Power Pool - BA,natural gas extraction and processing - Appalachian,Electricity; at user; consumption mix - ISO-NE - BA,"market for transport, freight, lorry 7.5-16 metric ton, EURO5 | transport, freight, lorry 7.5-16 metric ton, EURO5 | Cutoff, U",natural gas extraction and processing - Gulf,natural gas extraction and processing - Anadarko,"coal extraction and processing - Rocky Mountain, WC, Surface",166.06590923160206,0.13659218032657622,0.15269531617519563,0.13899820416401196,0.06423461315719675,0.06215888132042292,0.08136816993473182,0.0,294.9873,0.6932918664499542,1.3951959322149516,1.349269722174008e-05,11.056347654532484,303.0023,325.7219,302.389
Electricity; at user; consumption mix - Southwest Power Pool - BA,natural gas extraction and processing - Appalachian,Electricity; at user; consumption mix - ISO-NE - BA,"market for transport, freight, lorry 7.5-16 metric ton, EURO5 | transport, freight, lorry 7.5-16 metric ton, EURO5 | Cutoff, U",natural gas extraction and processing - Gulf,natural gas extraction and processing - Anadarko,"coal extraction and processing - Rocky Mountain, WC, Surface",185.91393524459411,0.11826935062760702,0.13073987260968856,0.1263481670847006,0.07749232873164594,0.05821841065607145,0.10297408105487647,0.0,324.8645,0.8216929120183794,1.4020672011158062,1.4444181050659934e-05,12.265053885285589,332.9812,355.8979,332.2634
Electricity; at user; consumption mix - Southwest Power Pool - BA,natural gas extraction and processing - Appalachian,Electricity; at user; consumption mix - ISO-NE - BA,"market for transport, freight, lorry 7.5-16 metric ton, EURO5 | transport, freight, lorry 7.5-16 metric ton, EURO5 | Cutoff, U",natural gas extraction and processing - Gulf,natural gas extraction and processing - Anadarko,"coal extraction and processing - Rocky Mountain, WC, Surface",178.52545449794195,0.08237964295806374,0.11191195461069098,0.10237650320580964,0.07195705594454671,0.06061893117098166,0.07893900857438593,0.0,300.745,0.7049431538630082,1.3969770213130335,1.3662459548807777e-05,11.100985622145608,308.747,331.4676,308.136
Electricity; at user; consumption mix - Southwest Power Pool - BA,natural gas extraction and processing - Appalachian,Electricity; at user; consumption mix - ISO-NE - BA,"market for transport, freight, lorry 7.5-16 metric ton, EURO5 | transport, freight, lorry 7.5-16 metric ton, EURO5 | Cutoff, U",natural gas extraction and processing - Gulf,natural gas extraction and processing - Anadarko,"coal extraction and processing - Rocky Mountain, WC, Surface",190.39947114579724,0.08226983801962034,0.166968136264611,0.12018762970182045,0.061607893856008844,0.060852941401861524,0.1018526201915885,0.0,321.9211,0.8112662182089694,1.3981773100473147,1.3592447063248124e-05,11.946567755502894,329.9979,352.873,329.3081
Electricity; at user; consumption mix - Southwest Power Pool - BA,natural gas extraction and processing - Appalachian,Electricity; at user; consumption mix - ISO-NE - BA,"market for transport, freight, lorry 7.5-16 metric ton, EURO5 | transport, freight, lorry 7.5-16 metric ton, EURO5 | Cutoff, U",natural gas extraction and processing - Gulf,natural gas extraction and processing - Anadarko,"coal extraction and processing - Rocky Mountain, WC, Surface",168.47164545152884,0.1289047442203924,0.11421257897580661,0.09509886086928053,0.06853196068892334,0.061300055522049604,0.10350076606060203,0.0,307.202,0.7711998705752107,1.3959161552290382,1.3528587454566263e-05,11.665683019442161,315.2656,338.0926,314.597
Electricity; at user; consumption mix - Southwest Power Pool - BA,natural gas extraction and processing - Appalachian,Electricity; at user; consumption mix - ISO-NE - BA,"market for transport, freight, lorry 7.5-16 metric ton, EURO5 | transport, freight, lorry 7.5-16 metric ton, EURO5 | Cutoff, U",natural gas extraction and processing - Gulf,natural gas extraction and processing - Anadarko,"coal extraction and processing - Rocky Mountain, WC, Surface",160.86820009302002,0.12402807565157792,0.10568798509417851,0.10092012189072747,0.06506631245040895,0.05860769487575734,0.10792319864817769,0.0,300.9759,0.7620293825841548,1.3934476730241248,1.3168515862593338e-05,11.493167895796525,309.0197,331.8215,308.3656
"Electricity; at user; consumption mix - Electric Reliability Council of Texas, Inc. - BA",natural gas extraction and processing - Appalachian,Electricity; at user; consumption mix - Duke Energy Carolinas - BA,"market for transport, freight, lorry 16-32 metric ton, EURO6 | transport, freight, lorry 16-32 metric ton, EURO6 | Cutoff, U",natural gas extraction and processing - Appalachian,natural gas extraction and processing - Appalachian,"coal extraction and processing - Powder River Basin, BIT, Surface",164.4690225355867,0.11718086242719758,0.17461890776528285,0.1085907572248129,0.07165474733890065,0.05834122564846065,0.08849823859405478,0.0,285.0499,0.6656334074450481,1.3832300653885532,1.153591195941567e-05,10.150373343669509,293.0096,315.6733,292.4473
"Electricity; at user; consumption mix - Electric Reliability Council of Texas, Inc. - BA",natural gas extraction and processing - Appalachian,Electricity; at user; consumption mix - Duke Energy Carolinas - BA,"market for transport, freight, lorry 16-32 metric ton, EURO6 | transport, freight, lorry 16-32 metric ton, EURO6 | Cutoff, U",natural gas extraction and processing - Appalachian,natural gas extraction and processing - Appalachian,"coal extraction and processing - Powder River Basin, BIT, Surface",173.89575095005642,0.1811845901529403,0.11221243779397055,0.1021539009430859,0.06303312358396664,0.06137449732025018,0.09768026266324101,0.0,300.5175,0.7220679329037052,1.3843054719224024,1.1452691576878267e-05,10.715010209146405,308.5344,331.292,307.9228
"Electricity; at user; consumption mix - Electric Reliability Council of Texas, Inc. - BA",natural gas extraction and processing - Appalachian,Electricity; at user; consumption mix - Duke Energy Carolinas - BA,"market for transport, freight, lorry 16-32 metric ton, EURO6 | transport, freight, lorry 16-32 metric ton, EURO6 | Cutoff, U",natural gas extraction and processing - Appalachian,natural gas extraction and processing - Appalachian,"coal extraction and processing - Powder River Basin, BIT, Surface",152.60882177058994,0.15438772418148763,0.1457780933487934,0.09791966104554589,0.05840503197812433,0.06976354104984733,0.09847501852088138,0.0,280.4789,0.6717531557497882,1.3809175616015612,1.1200670145843123e-05,10.190716677209243,288.4434,311.1131,287.877
"Electricity; at user; consumption mix - Electric Reliability Council of Texas, Inc. - BA",natural gas extraction and processing - Appalachian,Electricity; at user; consumption mix - Duke Energy Carolinas - BA,"market for transport, freight, lorry 16-32 metric ton, EURO6 | transport, freight, lorry 16-32 metric ton, EURO6 | Cutoff, U",natural gas extraction and processing - Appalachian,natural gas extraction and processing - Appalachian,"coal extraction and processing - Powder River Basin, BIT, Surface",181.3353897530321,0.13873126825048906,0.1515776616493815,0.12025710375339857,0.06677411752506465,0.06862088694249326,0.11466384484993354,0.0,315.8405,0.8033600080346833,1.3884166519401435,1.2200435541448917e-05,11.38743756356086,323.878,346.7172,323.2196
"Electricity; at user; consumption mix - Electric Reliability Council of Texas, Inc. - BA",natural gas extraction and processing - Appalachian,Electricity; at user; consumption mix - Duke Energy Carolinas - BA,"market for transport, freight, lorry 16-32 metric ton, EURO6 | transport, freight, lorry 16-32 metric ton, EURO6 | Cutoff, U",natural gas extraction and processing - Appalachian,natural gas extraction and processing - Appalachian,"coal extraction and processing - Powder River Basin, BIT, Surface",151.92493921976975,0.15050806693804505,0.1138287494531645,0.11052466379388338,0.06920573435394764,0.05956456646433829,0.11919939200767457,0.0,289.9333,0.7360616558941696,1.3826332238388996,1.1540424941420928e-05,10.728494779660071,297.9206,320.6591,297.3149
"Electricity; at user; consumption mix - Electric Reliability Council of Texas, Inc. - BA",natural gas extraction and processing - Appalachian,Electricity; at user; consumption mix - Duke Energy Carolinas - BA,"market for transport, freight, lorry 16-32 metric ton, EURO6 | transport, freight, lorry 16-32 metric ton, EURO6 | Cutoff, U",natural gas extraction and processing - Appalachian,natural gas extraction and processing - Appalachian,"coal extraction and processing - Powder River Basin, BIT, Surface",168.78232185723544,0.10757327749536663,0.11347165419795008,0.10543478562773094,0.07191553363399279,0.07099226906729975,0.08304292303345723,0.0,287.1409,0.6594630672462418,1.3853464369828619,1.1974083814741769e-05,10.129103108040763,295.1044,317.7706,294.5416
"Electricity; at user; consumption mix - Electric Reliability Council of Texas, Inc. - BA",natural gas extraction and processing - Appalachian,Electricity; at user; consumption mix - Duke Energy Carolinas - BA,"market for transport, freight, lorry 16-32 metric ton, EURO6 | transport, freight, lorry 16-32 metric ton, EURO6 | Cutoff, U",natural gas extraction and processing - Appalachian,natural gas extraction and processing - Appalachian,"coal extraction and processing - Powder River Basin, BIT, Surface",147.60643224989957,0.12601402671365292,0.12035247377058156,0.12158967166900662,0.07320730158785085,0.058379258987716315,0.08303106224181636,0.0,269.4174,0.6149456451548697,1.3809723704207513,1.1432182704447163e-05,9.69858363136483,277.3513,299.9535,276.822
"Electricity; at user; consumption mix - Electric Reliability Council of Texas, Inc. - BA",natural gas extraction and processing - Appalachian,Electricity; at user; consumption mix - Duke Energy Carolinas - BA,"market for transport, freight, lorry 16-32 metric ton, EURO6 | transport, freight, lorry 16-32 metric ton, EURO6 | Cutoff, U",natural gas extraction and processing - Appalachian,natural gas extraction and processing - Appalachian,"coal extraction and processing - Powder River Basin, BIT, Surface",169.60008557143456,0.10465149305157578,0.14418449272841602,0.0896632746009605,0.07484313448973355,0.06525672788810516,0.11453979230375733,0.0,302.8715,0.7680280678025543,1.3863771361334065,1.2044469089386657e-05,11.011659037469444,310.8682,333.642,310.2434
"Electricity; at user; consumption mix - Electric Reliability Council of Texas, Inc. - BA",natural gas extraction and processing - Appalachian,Electricity; at user; consumption mix - Duke Energy Carolinas - BA,"market for transport, freight, lorry 16-32 metric ton, EURO6 | transport, freight, lorry 16-32 metric ton, EURO6 | Cutoff, U",natural gas extraction and processing - Appalachian,natural gas extraction and processing - Appalachian,"coal extraction and processing - Powder River Basin, BIT, Surface",192.0208205326997,0.16984693904402776,0.16269868820862335,0.09768604231732264,0.06473072260666968,0.07230237244028664,0.09251054816055991,0.0,314.7863,0.7479699430120632,1.3886225064352804,1.2068865527305077e-05,11.006980897043178,322.832,345.6403,322.1948
"Electricity; at user; consumption mix - Electric Reliability Council of Texas, Inc. - BA",natural gas extraction and processing - Appalachian,Electricity; at user; consumption mix - Duke Energy Carolinas - BA,"market for transport, freight, lorry 16-32 metric ton, EURO6 | transport, freight, lorry 16-32 metric ton, EURO6 | Cutoff, U",natural gas extraction and processing - Appalachian,natural gas extraction and processing - Appalachian,"coal extraction and processing - Powder River Basin, BIT, Surface",139.60854355825106,0.14863800790496964,0.2170638997550733,0.11241778143372932,0.0685549788151148,0.060334253567741115,0.1040872789646732,0.0,271.8394,0.658353727395278,1.3799168009611018,1.1272728611629738e-05,10.042741445850346,279.7874,302.4317,279.2333
Electricity; at user; consumption mix - Public Service Company of Colorado - BA,natural gas extraction and processing - Strawn,"Electricity; at user; consumption mix - Midcontinent Independent System Operator, Inc. - BA","market for transport, freight, lorry 7.5-16 metric ton, EURO5 | transport, freight, lorry 7.5-16 metric ton, EURO5 | Cutoff, U",natural gas extraction and processing - Appalachian,natural gas extraction and processing - Appalachian,"coal extraction and processing - Central Appalachia, BIT, Processing",155.7106314909213,0.15561801218395369,0.16226713470996784,0.12086961362737171,0.06788872587723625,0.0704868278769709,0.09222194954165851,0.0,299.3725,0.7188584407470522,1.395905031542353,1.3896351878148329e-05,11.565711237025308,307.417,330.1589,306.769
Electricity; at user; consumption mix - Public Service Company of Colorado - BA,natural gas extraction and processing - Strawn,"Electricity; at user; consumption mix - Midcontinent Independent System Operator, Inc. - BA","market for transport, freight, lorry 7.5-16 metric ton, EURO5 | transport, freight, lorry 7.5-16 metric ton, EURO5 | Cutoff, U",natural gas extraction and processing - Appalachian,natural gas extraction and processing - Appalachian,"coal extraction and processing - Central Appalachia, BIT, Processing",170.55071979623494,0.15699707659135453,0.10471942865473272,0.1307370370316105,0.055720407419009285,0.06404412239265934,0.10444306083309284,0.0,315.7705,0.7849123942149326,1.394751962229727,1.3332575080724244e-05,12.023996679548185,323.831,346.6322,323.151
Electricity; at user; consumption mix - Public Service Company of Colorado - BA,natural gas extraction and processing - Strawn,"Electricity; at user; consumption mix - Midcontinent Independent System Operator, Inc. - BA","market for transport, freight, lorry 7.5-16 metric ton, EURO5 | transport, freight, lorry 7.5-16 metric ton, EURO5 | Cutoff, U",natural gas extraction and processing - Appalachian,natural gas extraction and processing - Appalachian,"coal extraction and processing - Central Appalachia, BIT, Processing",181.7957363342992,0.12370233813031548,0.17255814145486284,0.10199009506597728,0.07013663052421434,0.06773579222661572,0.08399092122145571,0.0,314.421,0.74023996209883,1.398845758308383,1.4021674100706816e-05,11.755126214471543,322.4715,345.2384,321.8123
Electricity; at user; consumption mix - Public Service Company of Colorado - BA,natural gas extraction and processing - Strawn,"Electricity; at user; consumption mix - Midcontinent Independent System Operator, Inc. - BA","market for transport, freight, lorry 7.5-16 metric ton, EURO5 | transport, freight, lorry 7.5-16 metric ton, EURO5 | Cutoff, U",natural gas extraction and processing - Appalachian,natural gas extraction and processing - Appalachian,"coal extraction and processing - Central Appalachia, BIT, Processing",175.98084200392032,0.11769870243366891,0.16179995255461813,0.1158776055269283,0.06016508069162302,0.07226895514935511,0.10318767099578333,0.0,317.3736,0.7894241364994525,1.397489461627444,1.3804528494810296e-05,12.04998976625002,325.4125,348.2045,324.7382
Electricity; at user; consumption mix - Public Service Company of Colorado - BA,natural gas extraction and processing - Strawn,"Electricity; at user; consumption mix - Midcontinent Independent System Operator, Inc. - BA","market for transport, freight, lorry 7.5-16 metric ton, EURO5 | transport, freight, lorry 7.5-16 metric ton, EURO5 | Cutoff, U",natural gas extraction and processing - Appalachian,natural gas extraction and processing - Appalachian,"coal extraction and processing - Central Appalachia, BIT, Processing",152.5235984094661,0.07882261595504542,0.1531162210827583,0.08667253846544828,0.07315068418366724,0.07008745688830886,0.08056252637027789,0.0,282.5451,0.6531246375111898,1.3939262049156522,1.3608983710164219e-05,10.781549593080962,290.5024,313.1314,289.9229
Electricity; at user; consumption mix - Public Service Company of Colorado - BA,natural gas extraction and processing - Strawn,"Electricity; at user; consumption mix - Midcontinent Independent System Operator, Inc. - BA","market for transport, freight, lorry 7.5-16 metric ton, EURO5 | transport, freight, lorry 7.5-16 metric ton, EURO5 | Cutoff, U",natural gas extraction and processing - Appalachian,natural gas extraction and processing - Appalachian,"coal extraction and processing - Central Appalachia, BIT, Processing",172.27500576817093,0.1902034413573707,0.11964590147237752,0.12207338463528294,0.06521154831546186,0.06005611030659661,0.09389079430084613,0.0,317.6129,0.7683748411296218,1.3965188255975352,1.3677138444121818e-05,12.075393299073019,325.7149,348.5363,325.0219
Electricity; at user; consumption mix - Public Service Company of Colorado - BA,natural gas extraction and processing - Strawn,"Electricity; at user; consumption mix - Midcontinent Independent System Operator, Inc. - BA","market for transport, freight, lorry 7.5-16 metric ton, EURO5 | transport, freight, lorry 7.5-16 metric ton, EURO5 | Cutoff, U",natural gas extraction and processing - Appalachian,natural gas extraction and processing - Appalachian,"coal extraction and processing - Central Appalachia, BIT, Processing",159.0823727450977,0.16212651978305895,0.15437459706313225,0.11158894118023516,0.07053091974711267,0.0759042051159537,0.08383343369894532,0.0,300.7155,0.7070432036823109,1.3977720246883292,1.4231909984734082e-05,11.573921784797058,308.7767,331.5245,308.1249
Electricity; at user; consumption mix - Public Service Company of Colorado - BA,natural gas extraction and processing - Strawn,"Electricity; at user; consumption mix - Midcontinent Independent System Operator, Inc. - BA","market for transport, freight, lorry 7.5-16 metric ton, EURO5 | transport, freight, lorry 7.5-16 metric ton, EURO5 | Cutoff, U",natural gas extraction and processing - Appalachian,natural gas extraction and processing - Appalachian,"coal extraction and processing - Central Appalachia, BIT, Processing",159.98118103190419,0.2074193947195065,0.17043568782860016,0.10523210807112734,0.06025320760402667,0.07424865803245663,0.09933119536907967,0.0,311.1836,0.7623018512124133,1.3957572125661268,1.3744595247163742e-05,12.034645932525532,319.2839,342.0977,318.5933
Electricity; at user; consumption mix - Public Service Company of Colorado - BA,natural gas extraction and processing - Strawn,"Electricity; at user; consumption mix - Midcontinent Independent System Operator, Inc. - BA","market for transport, freight, lorry 7.5-16 metric ton, EURO5 | transport, freight, lorry 7.5-16 metric ton, EURO5 | Cutoff, U",natural gas extraction and processing - Appalachian,natural gas extraction and processing - Appalachian,"coal extraction and processing - Central Appalachia, BIT, Processing",179.40882786503224,0.15992904919667386,0.11503970568823124,0.12943858428515653,0.0716318633066021,0.0737052243840224,0.09116852624531299,0.0,323.4739,0.7820238078217027,1.4023021244386051,1.4741127618382467e-05,12.326771320716784,331.5813,354.423,330.8751
Electricity; at user; consumption mix - Public Service Company of Colorado - BA,natural gas extraction and processing - Strawn,"Electricity; at user; consumption mix - Midcontinent Independent System Operator, Inc. - BA","market for transport, freight, lorry 7.5-16 metric ton, EURO5 | transport, freight, lorry 7.5-16 metric ton, EURO5 | Cutoff, U",natural gas extraction and processing - Appalachian,natural gas extraction and processing - Appalachian,"coal extraction and processing - Central Appalachia, BIT, Processing",168.4433058011322,0.11073083451037388,0.13521548979686654,0.11867222083424386,0.06592518531300384,0.06780670213120843,0.10076684809549437,0.0,308.8888,0.761471225827299,1.3967173090395781,1.3805032736465229e-05,11.789568061330865,316.9092,339.6661,316.2547
"Electricity; at user; consumption mix - PJM Interconnection, LLC - BA",natural gas extraction and processing - Appalachian,Electricity; at user; consumption mix - Western Area Power Administration - Rocky Mountain Region - BA,"market for transport, freight, lorry 16-32 metric ton, EURO6 | transport, freight, lorry 16-32 metric ton, EURO6 | Cutoff, U",natural gas extraction and processing - Arkoma,natural gas extraction and processing - San Juan,"coal extraction and processing - Southern Appalachia, BIT, Surface",168.50483010564656,0.12985911003678824,0.13107706798229024,0.13185704889701597,0.06538341094342583,0.0683202701361485,0.0860504010698172,0.0,299.2489,0.660573084773677,1.3837186085552255,1.2024276709195049e-05,9.696042126263256,307.2628,330.0484,306.6831
"Electricity; at user; consumption mix - PJM Interconnection, LLC - BA",natural gas extraction and processing - Appalachian,Electricity; at user; consumption mix - Western Area Power Administration - Rocky Mountain Region - BA,"market for transport, freight, lorry 16-32 metric ton, EURO6 | transport, freight, lorry 16-32 metric ton, EURO6 | Cutoff, U",natural gas extraction and processing - Arkoma,natural gas extraction and processing - San Juan,"coal extraction and processing - Southern Appalachia, BIT, Surface",168.73603412119235,0.13936817375762264,0.19721492251233474,0.11081339167241852,0.0646522945570825,0.06641553754575054,0.099280393840706,0.0,306.7578,0.7066430988226902,1.3835614679610058,1.1911974071885432e-05,10.088992156648638,314.7932,337.6306,314.1845
"Electricity; at user; consumption mix - PJM Interconnection, LLC - BA",natural gas extraction and processing - Appalachian,Electricity; at user; consumption mix - Western Area Power Administration - Rocky Mountain Region - BA,"market for transport, freight, lorry 16-32 metric ton, EURO6 | transport, freight, lorry 16-32 metric ton, EURO6 | Cutoff, U",natural gas extraction and processing - Arkoma,natural gas extraction and processing - San Juan,"coal extraction and processing - Southern Appalachia, BIT, Surface",174.59538892982866,0.1421425746118481,0.1329735702425386,0.1117817404744239,0.062086312884075845,0.06719580876631102,0.074059141703933,0.0,299.4102,0.6307873464381668,1.3828513083914136,1.1734739613320843e-05,9.488282111732508,307.4194,330.1771,306.8559
"Electricity; at user; consumption mix - PJM Interconnection, LLC - BA",natural gas extraction and processing - Appalachian,Electricity; at user; consumption mix - Western Area Power Administration - Rocky Mountain Region - BA,"market for transport, freight, lorry 16-32 metric ton, EURO6 | transport, freight, lorry 16-32 metric ton, EURO6 | Cutoff, U",natural gas extraction and processing - Arkoma,natural gas extraction and processing - San Juan,"coal extraction and processing - Southern Appalachia, BIT, Surface",169.85731117650494,0.17671660880296003,0.14791078950084255,0.10932801588975366,0.07516524520194488,0.07377780894098426,0.1024694935807738,0.0,318.7258,0.7360617412313111,1.3873168848735038,1.2779237208210208e-05,10.48876644652479,326.808,349.7145,326.1621
"Electricity; at user; consumption mix - PJM Interconnection, LLC - BA",natural gas extraction and processing - Appalachian,Electricity; at user; consumption mix - Western Area Power Administration - Rocky Mountain Region - BA,"market for transport, freight, lorry 16-32 metric ton, EURO6 | transport, freight, lorry 16-32 metric ton, EURO6 | Cutoff, U",natural gas extraction and processing - Arkoma,natural gas extraction and processing - San Juan,"coal extraction and processing - Southern Appalachia, BIT, Surface",161.02180310782353,0.06722427806904283,0.16773908567899382,0.09457173965276698,0.06375216721634933,0.05906857002008453,0.10950966191248557,0.0,291.0617,0.7019293486576774,1.3804194924214515,1.1281724287761703e-05,9.801701545568985,299.0414,321.8219,298.4622
"Electricity; at user; consumption mix - PJM Interconnection, LLC - BA",natural gas extraction and processing - Appalachian,Electricity; at user; consumption mix - Western Area Power Administration - Rocky Mountain Region - BA,"market for transport, freight, lorry 16-32 metric ton, EURO6 | transport, freight, lorry 16-32 metric ton, EURO6 | Cutoff, U",natural gas extraction and processing - Arkoma,natural gas extraction and processing - San Juan,"coal extraction and processing - Southern Appalachia, BIT, Surface",187.19491173788785,0.17927737907241698,0.14763461208482456,0.12693316057428272,0.07077543921428954,0.07002560354176851,0.11849896427826742,0.0,345.1118,0.8417644798368213,1.390389711659031,1.2994653034314114e-05,11.448030780818748,353.2565,376.2984,352.537
"Electricity; at user; consumption mix - PJM Interconnection, LLC - BA",natural gas extraction and processing - Appalachian,Electricity; at user; consumption mix - Western Area Power Administration - Rocky Mountain Region - BA,"market for transport, freight, lorry 16-32 metric ton, EURO6 | transport, freight, lorry 16-32 metric ton, EURO6 | Cutoff, U",natural gas extraction and processing - Arkoma,natural gas extraction and processing - San Juan,"coal extraction and processing - Southern Appalachia, BIT, Surface",178.7555284225611,0.13848248163242963,0.13788123216785295,0.10442155229314005,0.07853934278403345,0.06296467156561983,0.059016136544424225,0.0,296.7458,0.5885281039067395,1.384931379359208,1.2220558621306896e-05,9.183271956223905,304.7478,327.4721,304.2041
"Electricity; at user; consumption mix - PJM Interconnection, LLC - BA",natural gas extraction and processing - Appalachian,Electricity; at user; consumption mix - Western Area Power Administration - Rocky Mountain Region - BA,"market for transport, freight, lorry 16-32 metric ton, EURO6 | transport, freight, lorry 16-32 metric ton, EURO6 | Cutoff, U",natural gas extraction and processing - Arkoma,natural gas extraction and processing - San Juan,"coal extraction and processing - Southern Appalachia, BIT, Surface",172.42019929161137,0.15036324616786118,0.15793691432734291,0.12194866422438527,0.07100805507204778,0.06756782712388155,0.10125006034188608,0.0,314.9188,0.7293554413722964,1.3860801328835113,1.2419142238463738e-05,10.351656734054133,322.9804,345.8615,322.3483
"Electricity; at user; consumption mix - PJM Interconnection, LLC - BA",natural gas extraction and processing - Appalachian,Electricity; at user; consumption mix - Western Area Power Administration - Rocky Mountain Region - BA,"market for transport, freight, lorry 16-32 metric ton, EURO6 | transport, freight, lorry 16-32 metric ton, EURO6 | Cutoff, U",natural gas extraction and processing - Arkoma,natural gas extraction and processing - San Juan,"coal extraction and processing - Southern Appalachia, BIT, Surface",167.58237503951938,0.12720965336198028,0.11203336434841751,0.1083198416048306,0.05737845611874451,0.06916497828985882,0.11421600371049778,0.0,310.083,0.7499372460789144,1.3829716861140018,1.1717294838706863e-05,10.39315963556957,318.1246,340.9979,317.4952
"Electricity; at user; consumption mix - PJM Interconnection, LLC - BA",natural gas extraction and processing - Appalachian,Electricity; at user; consumption mix - Western Area Power Administration - Rocky Mountain Region - BA,"market for transport, freight, lorry 16-32 metric ton, EURO6 | transport, freight, lorry 16-32 metric ton, EURO6 | Cutoff, U",natural gas extraction and processing - Arkoma,natural gas extraction and processing - San Juan,"coal extraction and processing - Southern Appalachia, BIT, Surface",185.34080413520513,0.13155325947527163,0.13798885371888112,0.12125613412904696,0.07341941569817831,0.06132722837551016,0.10557911759052171,0.0,326.2964,0.773349578885397,1.3878487272347206,1.2495332943746823e-05,10.71381083004051,334.3762,357.3074,333.7173
"Electricity; at user; consumption mix - Midcontinent Independent System Operator, Inc. - BA",natural gas extraction and processing - Uinta,Electricity; at user; consumption mix - Avista Corporation - BA,"market for transport, freight, lorry 7.5-16 metric ton, EURO6 | transport, freight, lorry 7.5-16 metric ton, EURO6 | Cutoff, U",natural gas extraction and processing - East Texas,natural gas extraction and processing - Anadarko,"coal extraction and processing - Central Appalachia, BIT, Surface",187.0455308479639,0.11173528223508683,0.1602636631694085,0.11357878983915647,0.06185701295489071,0.060190669069862535,0.08834530851804513,0.0,311.5757,0.7243063724585732,1.3949378512235888,1.3457509300847349e-05,10.450011470497437,319.8866,343.0243,319.1369
"Electricity; at user; consumption mix - Midcontinent Independent System Operator, Inc. - BA",natural gas extraction and processing - Uinta,Electricity; at user; consumption mix - Avista Corporation - BA,"market for transport, freight, lorry 7.5-16 metric ton, EURO6 | transport, freight, lorry 7.5-16 metric ton, EURO6 | Cutoff, U",natural gas extraction and processing - East Texas,natural gas extraction and processing - Anadarko,"coal extraction and processing - Central Appalachia, BIT, Surface",165.33538785491464,0.13834798047704291,0.15012584705362705,0.12121187738314886,0.06044293202796448,0.06809672579284667,0.10481491292197863,0.0,303.9353,0.7381917008426083,1.3938676168770903,1.3620055384562642e-05,10.548134548825361,312.2484,335.3978,311.4899
"Electricity; at user; consumption mix - Midcontinent Independent System Operator, Inc. - BA",natural gas extraction and processing - Uinta,Electricity; at user; consumption mix - Avista Corporation - BA,"market for transport, freight, lorry 7.5-16 metric ton, EURO6 | transport, freight, lorry 7.5-16 metric ton, EURO6 | Cutoff, U",natural gas extraction and processing - East Texas,natural gas extraction and processing - Anadarko,"coal extraction and processing - Central Appalachia, BIT, Surface",168.19746461083784,0.15654487737719083,0.15342095163891573,0.10529339793804011,0.06696797899282093,0.0645026709035096,0.08577152480977973,0.0,297.9862,0.6815584088987195,1.393630255482019,1.364443543152932e-05,10.1133196068591,306.2863,329.3837,305.5577
"Electricity; at user; consumption mix - Midcontinent Independent System Operator, Inc. - BA",natural gas extraction and processing - Uinta,Electricity; at user; consumption mix - Avista Corporation - BA,"market for transport, freight, lorry 7.5-16 metric ton, EURO6 | transport, freight, lorry 7.5-16 metric ton, EURO6 | Cutoff, U",natural gas extraction and processing - East Texas,natural gas extraction and processing - Anadarko,"coal extraction and processing - Central Appalachia, BIT, Surface",161.70597774580358,0.1538516289461417,0.15953052295181153,0.09200762614359581,0.06870097804299768,0.06718687272018357,0.11595619739892538,0.0,307.5236,0.7689504599719612,1.3948994874761849,1.3867319787980267e-05,10.820314736263617,315.853,339.0408,315.0727
"Electricity; at user; consumption mix - Midcontinent Independent System Operator, Inc. - BA",natural gas extraction and processing - Uinta,Electricity; at user; consumption mix - Avista Corporation - BA,"market for transport, freight, lorry 7.5-16 metric ton, EURO6 | transport, freight, lorry 7.5-16 metric ton, EURO6 | Cutoff, U",natural gas extraction and processing - East Texas,natural gas extraction and processing - Anadarko,"coal extraction and processing - Central Appalachia, BIT, Surface",169.88604926994125,0.13229886731269114,0.13475545241828366,0.11117256904876416,0.06019276523579675,0.08063156731414961,0.10311132119803244,0.0,308.8246,0.7478640193079901,1.3966354936412981,1.4126288974453007e-05,10.6646729923137,317.1511,340.3241,316.3807
"Electricity; at user; consumption mix - Midcontinent Independent System Operator, Inc. - BA",natural gas extraction and processing - Uinta,Electricity; at user; consumption mix - Avista Corporation - BA,"market for transport, freight, lorry 7.5-16 metric ton, EURO6 | transport, freight, lorry 7.5-16 metric ton, EURO6 | Cutoff, U",natural gas extraction and processing - East Texas,natural gas extraction and processing - Anadarko,"coal extraction and processing - Central Appalachia, BIT, Surface",171.32826267397502,0.14028556835398992,0.11853830538085332,0.10994150021826095,0.07171226814087046,0.06201809793233383,0.09921856444597921,0.0,307.7395,0.7365660280148663,1.3959252563603768,1.3971301967254741e-05,10.574378874462003,316.0622,339.2223,315.2989
"Electricity; at user; consumption mix - Midcontinent Independent System Operator, Inc. - BA",natural gas extraction and processing - Uinta,Electricity; at user; consumption mix - Avista Corporation - BA,"market for transport, freight, lorry 7.5-16 metric ton, EURO6 | transport, freight, lorry 7.5-16 metric ton, EURO6 | Cutoff, U",natural gas extraction and processing - East Texas,natural gas extraction and processing - Anadarko,"coal extraction and processing - Central Appalachia, BIT, Surface",190.36498651030138,0.13687362671697031,0.17328748922471846,0.12103540996136504,0.06608818218377363,0.05223313626093061,0.12453993435941803,0.0,335.9511,0.8740378352069138,1.3980989509072126,1.3818901509442867e-05,11.729939593513603,344.328,367.6352,343.4826
"Electricity; at user; consumption mix - Midcontinent Independent System Operator, Inc. - BA",natural gas extraction and processing - Uinta,Electricity; at user; consumption mix - Avista Corporation - BA,"market for transport, freight, lorry 7.5-16 metric ton, EURO6 | transport, freight, lorry 7.5-16 metric ton, EURO6 | Cutoff, U",natural gas extraction and processing - East Texas,natural gas extraction and processing - Anadarko,"coal extraction and processing - Central Appalachia, BIT, Surface",164.8562148427317,0.12626729345159587,0.09756568669337776,0.12259523602112428,0.06996668554169083,0.06460626501939083,0.09134696798269831,0.0,298.138,0.6949205894805237,1.3947740253305334,1.3908286662787793e-05,10.200729574171646,306.4383,329.5478,305.7032
"Electricity; at user; consumption mix - Midcontinent Independent System Operator, Inc. - BA",natural gas extraction and processing - Uinta,Electricity; at user; consumption mix - Avista Corporation - BA,"market for transport, freight, lorry 7.5-16 metric ton, EURO6 | transport, freight, lorry 7.5-16 metric ton, EURO6 | Cutoff, U",natural gas extraction and processing - East Texas,natural gas extraction and processing - Anadarko,"coal extraction and processing - Central Appalachia, BIT, Surface",178.6514058822087,0.1523638641144036,0.15396900473426015,0.11468577419374276,0.0676157426092839,0.07297237844763012,0.07871733736076036,0.0,304.9105,0.682509075681565,1.3971798277259124,1.4234876033369755e-05,10.181830671335451,313.2266,336.3446,312.4885
"Electricity; at user; consumption mix - Midcontinent Independent System Operator, Inc. - BA",natural gas extraction and processing - Uinta,Electricity; at user; consumption mix - Avista Corporation - BA,"market for transport, freight, lorry 7.5-16 metric ton, EURO6 | transport, freight, lorry 7.5-16 metric ton, EURO6 | Cutoff, U",natural gas extraction and processing - East Texas,natural gas extraction and processing - Anadarko,"coal extraction and processing - Central Appalachia, BIT, Surface",187.41012795230247,0.16676593817928273,0.16231599041239,0.12215012903043589,0.06726889668337498,0.06992866874730468,0.09870271878817614,0.0,323.5671,0.7766394122647843,1.3997692222422446,1.4471308618133872e-05,11.003153675194422,331.9286,355.1571,331.1288
Electricity; at user; consumption mix - ISO-NE - BA,natural gas extraction and processing - Gulf,Electricity; at user; consumption mix - Western Area Power Administration - Rocky Mountain Region - BA,"market for transport, freight, lorry 7.5-16 metric ton, EURO5 | transport, freight, lorry 7.5-16 metric ton, EURO5 | Cutoff, U",natural gas extraction and processing - East Texas,natural gas extraction and processing - Green River,"coal extraction and processing - Powder River Basin, SUB, Surface",186.19492378210956,0.1352148740069171,0.11620347131156909,0.10601596466537484,0.07209957523905934,0.06337800605355705,0.08315635627914304,0.0,323.0052,0.8041199205473705,1.4035997256765658,1.394624157041392e-05,14.282125371348794,331.4738,354.7045,330.6129
Electricity; at user; consumption mix - ISO-NE - BA,natural gas extraction and processing - Gulf,Electricity; at user; consumption mix - Western Area Power Administration - Rocky Mountain Region - BA,"market for transport, freight, lorry 7.5-16 metric ton, EURO5 | transport, freight, lorry 7.5-16 metric ton, EURO5 | Cutoff, U",natural gas extraction and processing - East Texas,natural gas extraction and processing - Green River,"coal extraction and processing - Powder River Basin, SUB, Surface",164.73394543723214,0.13033300853450236,0.09040281336279891,0.12707939173332589,0.06656700448588036,0.0652358190073032,0.10860224110152565,0.0,314.5152,0.8403653908817414,1.4008774868283156,1.3714221066428344e-05,14.444532071808329,322.9695,346.2116,322.0996
Electricity; at user; consumption mix - ISO-NE - BA,natural gas extraction and processing - Gulf,Electricity; at user; consumption mix - Western Area Power Administration - Rocky Mountain Region - BA,"market for transport, freight, lorry 7.5-16 metric ton, EURO5 | transport, freight, lorry 7.5-16 metric ton, EURO5 | Cutoff, U",natural gas extraction and processing - East Texas,natural gas extraction and processing - Green River,"coal extraction and processing - Powder River Basin, SUB, Surface",177.6677997838481,0.1259958831772836,0.1681607145496908,0.11596486658366938,0.06685726189209946,0.06257372427628578,0.097815077049502,0.0,320.1732,0.8325999248727316,1.4016186738192749,1.3647549051577547e-05,14.398522370764427,328.6317,351.8732,327.7642
Electricity; at user; consumption mix - ISO-NE - BA,natural gas extraction and processing - Gulf,Electricity; at user; consumption mix - Western Area Power Administration - Rocky Mountain Region - BA,"market for transport, freight, lorry 7.5-16 metric ton, EURO5 | transport, freight, lorry 7.5-16 metric ton, EURO5 | Cutoff, U",natural gas extraction and processing - East Texas,natural gas extraction and processing - Green River,"coal extraction and processing - Powder River Basin, SUB, Surface",159.9994758446149,0.12478035831313142,0.12648725432461108,0.10745821800598546,0.07104361666589261,0.07431517503512525,0.10531094227973012,0.0,309.4595,0.8230070066518587,1.4022697688085128,1.4099107979966475e-05,14.35799740081263,317.9099,341.1357,317.0471
Electricity; at user; consumption mix - ISO-NE - BA,natural gas extraction and processing - Gulf,Electricity; at user; consumption mix - Western Area Power Administration - Rocky Mountain Region - BA,"market for transport, freight, lorry 7.5-16 metric ton, EURO5 | transport, freight, lorry 7.5-16 metric ton, EURO5 | Cutoff, U",natural gas extraction and processing - East Texas,natural gas extraction and processing - Green River,"coal extraction and processing - Powder River Basin, SUB, Surface",175.8180976734719,0.1251029894567676,0.13407334202629323,0.11692100392214502,0.06521199101072703,0.06462918436201316,0.10742280105334648,0.0,323.2871,0.8622647147480501,1.401816297899265,1.3691202900469351e-05,14.63187332576258,331.7533,355.0231,330.8693
Electricity; at user; consumption mix - ISO-NE - BA,natural gas extraction and processing - Gulf,Electricity; at user; consumption mix - Western Area Power Administration - Rocky Mountain Region - BA,"market for transport, freight, lorry 7.5-16 metric ton, EURO5 | transport, freight, lorry 7.5-16 metric ton, EURO5 | Cutoff, U",natural gas extraction and processing - East Texas,natural gas extraction and processing - Green River,"coal extraction and processing - Powder River Basin, SUB, Surface",174.82667452883894,0.14762258847563609,0.11219478755354897,0.12101933697856534,0.06356044803621182,0.0671522166549818,0.1193223899276033,0.0,332.6076,0.9079106581798411,1.4027661700937792,1.3878606566196647e-05,15.076590463741788,341.1032,364.4326,340.1854
Electricity; at user; consumption mix - ISO-NE - BA,natural gas extraction and processing - Gulf,Electricity; at user; consumption mix - Western Area Power Administration - Rocky Mountain Region - BA,"market for transport, freight, lorry 7.5-16 metric ton, EURO5 | transport, freight, lorry 7.5-16 metric ton, EURO5 | Cutoff, U",natural gas extraction and processing - East Texas,natural gas extraction and processing - Green River,"coal extraction and processing - Powder River Basin, SUB, Surface",160.0406465020264,0.18346467473394387,0.19058522232212724,0.0944173265649293,0.06678063018464374,0.05418226755142296,0.10245354860259016,0.0,312.1253,0.8077977735680288,1.396649767702941,1.2985834805391247e-05,14.1481162281332,320.5791,343.7958,319.7265
Electricity; at user; consumption mix - ISO-NE - BA,natural gas extraction and processing - Gulf,Electricity; at user; consumption mix - Western Area Power Administration - Rocky Mountain Region - BA,"market for transport, freight, lorry 7.5-16 metric ton, EURO5 | transport, freight, lorry 7.5-16 metric ton, EURO5 | Cutoff, U",natural gas extraction and processing - East Texas,natural gas extraction and processing - Green River,"coal extraction and processing - Powder River Basin, SUB, Surface",173.20571623923905,0.15323090641108122,0.12245808709785741,0.11140725881031827,0.06459928385312685,0.07553423513213901,0.1018765748056393,0.0,324.3225,0.8479167246763749,1.4033045386368581,1.4081423815510965e-05,14.654566001443493,332.8064,356.0814,331.9185
