elec_steel_fab,elec_steel_rolling,steel_billet,elec_EAF,iron_forEAF,elec_DRI,natgas_DRI,elec_BOF,iron_forBOF,elec,coal,"fabrication, rebar.wf","fabrication, rebar.elec","fabrication, rebar.trans_co2","rolling, billet.elec","rolling, billet.heat","steelmaking, electric arc furnace.scrap_pct","steelmaking, electric arc furnace.wf","steelmaking, electric arc furnace.kWh_EAF","steelmaking, electric arc furnace.trans_co2","ironmaking, direct reduction, MIDREX.co2_kg","ironmaking, direct reduction, MIDREX.elec","ironmaking, direct reduction, MIDREX.ng_mj","ironmaking, direct reduction, MIDREX.ore_kg","ironmaking, direct reduction, MIDREX.trans_co2","steelmaking, basic oxygen converter.elec","steelmaking, basic oxygen converter.scrap_pct","steelmaking, basic oxygen converter.wf","steelmaking, basic oxygen converter.co2_kg","ironmaking, blast furnace.elec","ironmaking, blast furnace.co2_kg",sintering.co2_kg,coking.co2_kg,gwp,gwp_be,gep_bu,ap,ep,odp,pocp,gwp_AR5,gwp_EF2,gwp_CML,sim_type
"Electricity; at grid; consumption mix - PJM Interconnection, LLC - BA","Electricity; at grid; consumption mix - PJM Interconnection, LLC - BA","steelmaking, electric arc furnace","Electricity; at grid; consumption mix - PJM Interconnection, LLC - BA","ironmaking, direct reduction, MIDREX","Electricity; at grid; consumption mix - PJM Interconnection, LLC - BA",natural gas extraction and processing - Appalachian,"Electricity; at grid; consumption mix - PJM Interconnection, LLC - BA","ironmaking, blast furnace","Electricity; at grid; consumption mix - PJM Interconnection, LLC - BA","coal extraction and processing - Central Appalachia, BIT, Underground",0.03,0.193,0.049,0.149,0.874,0.97,0.03,0.5,0.01,0.507,0.12,9.9,1.3,0.01,0.027,0.15,0.1,0.071,0.074,1.093,0.26,0.124,0.6069,0.0,0.0,0.0010917844989278478,5.6413067362199156e-05,6.141537194929626e-09,0.020843994290225484,nan,nan,nan,base
Electricity; at grid; consumption mix - Tucson Electric Power - BA,Electricity; at grid; consumption mix - Tennessee Valley Authority - BA,"steelmaking, electric arc furnace","Electricity; at grid; consumption mix - Midcontinent Independent System Operator, Inc. - BA","ironmaking, direct reduction, MIDREX","Electricity; at grid; consumption mix - Southern Company Services, Inc. - Trans - BA",natural gas extraction and processing - Permian,"Electricity; at grid; consumption mix - Midcontinent Independent System Operator, Inc. - BA","ironmaking, blast furnace","Electricity; at grid; consumption mix - Southern Company Services, Inc. - Trans - BA","coal extraction and processing - Powder River Basin, BIT, Surface",0.021626426927021256,0.16622942571987423,0.05994052681547685,0.16415898608491136,0.7476994971026905,0.9632856991169892,0.010868525880614582,0.4606076654946321,0.009744587871526822,0.49966025465024905,0.12355858387175368,9.785959717519326,1.2889701173012773,0.010084913375828017,0.025580085690070177,0.2090362750911046,0.06368264273531421,0.07380962856941117,0.07847854700566909,1.330944037110581,0.31082006697682857,0.12687649997304268,0.7135,0.0,0.0,0.0014136604908503796,6.802778184163088e-05,1.1808662995706142e-08,0.028095891776257924,nan,nan,nan,mca
Electricity; at grid; consumption mix - Tucson Electric Power - BA,Electricity; at grid; consumption mix - Tennessee Valley Authority - BA,"steelmaking, electric arc furnace","Electricity; at grid; consumption mix - Midcontinent Independent System Operator, Inc. - BA","ironmaking, direct reduction, MIDREX","Electricity; at grid; consumption mix - Southern Company Services, Inc. - Trans - BA",natural gas extraction and processing - Permian,"Electricity; at grid; consumption mix - Midcontinent Independent System Operator, Inc. - BA","ironmaking, blast furnace","Electricity; at grid; consumption mix - Southern Company Services, Inc. - Trans - BA","coal extraction and processing - Powder River Basin, BIT, Surface",0.03294857331001966,0.18424390654091546,0.0411577747838068,0.15699103145196214,0.8928223507540992,0.9730951057878311,0.015341072791147922,0.6850205108518019,0.0099543223993826,0.5284496569491592,0.12276898584797533,9.40978070901394,1.296979664848254,0.01000509423799565,0.0256164348823551,0.1929636340485153,0.13806207423224182,0.05138422952079585,0.05851949702580589,1.3595597667860972,0.3237580794980979,0.13085812335955035,0.8809,0.0,0.0,0.0018751660067142122,8.948304580809207e-05,1.568944563122661e-08,0.03693522317101655,nan,nan,nan,mca
Electricity; at grid; consumption mix - Tucson Electric Power - BA,Electricity; at grid; consumption mix - Tennessee Valley Authority - BA,"steelmaking, electric arc furnace","Electricity; at grid; consumption mix - Midcontinent Independent System Operator, Inc. - BA","ironmaking, direct reduction, MIDREX","Electricity; at grid; consumption mix - Southern Company Services, Inc. - Trans - BA",natural gas extraction and processing - Permian,"Electricity; at grid; consumption mix - Midcontinent Independent System Operator, Inc. - BA","ironmaking, blast furnace","Electricity; at grid; consumption mix - Southern Company Services, Inc. - Trans - BA","coal extraction and processing - Powder River Basin, BIT, Surface",0.02692530022923245,0.21330722706040764,0.048032388016448,0.1388250326564741,0.9411974957827292,0.9709317559931621,0.015632165419718312,0.46068897366796546,0.009504494877426361,0.4890500099328505,0.1240257420496523,9.450270475668994,1.3515928775788948,0.010386237231466039,0.03816575991187636,0.10168159001412304,0.09159891765400394,0.06486097437069596,0.06804074190951939,1.3049121642613375,0.3360301415803246,0.11949204694442307,0.7398,0.0,0.0,0.0014772629168270162,7.147414450135011e-05,1.261694040659355e-08,0.029649899779777323,nan,nan,nan,mca
Electricity; at grid; consumption mix - Tucson Electric Power - BA,Electricity; at grid; consumption mix - Tennessee Valley Authority - BA,"steelmaking, electric arc furnace","Electricity; at grid; consumption mix - Midcontinent Independent System Operator, Inc. - BA","ironmaking, direct reduction, MIDREX","Electricity; at grid; consumption mix - Southern Company Services, Inc. - Trans - BA",natural gas extraction and processing - Permian,"Electricity; at grid; consumption mix - Midcontinent Independent System Operator, Inc. - BA","ironmaking, blast furnace","Electricity; at grid; consumption mix - Southern Company Services, Inc. - Trans - BA","coal extraction and processing - Powder River Basin, BIT, Surface",0.029325993267355077,0.18892636587357095,0.04832070647619378,0.13368020889640536,0.8190741587378005,0.9816336377484849,0.02898560241687243,0.4168724089528447,0.010153732260573067,0.5056918356105421,0.11624264122629169,10.35154678159616,1.280903514687386,0.009857964744909457,0.026004056583098248,0.1560277335432168,0.10433433487140126,0.08064945424360521,0.10597427201899659,1.0896297015534468,0.430797108053899,0.11193665601883174,0.6698,0.0,0.0,0.0013313489992987804,6.41511165284354e-05,1.1404676060477449e-08,0.026564241219889404,nan,nan,nan,mca
Electricity; at grid; consumption mix - Tucson Electric Power - BA,Electricity; at grid; consumption mix - Tennessee Valley Authority - BA,"steelmaking, electric arc furnace","Electricity; at grid; consumption mix - Midcontinent Independent System Operator, Inc. - BA","ironmaking, direct reduction, MIDREX","Electricity; at grid; consumption mix - Southern Company Services, Inc. - Trans - BA",natural gas extraction and processing - Permian,"Electricity; at grid; consumption mix - Midcontinent Independent System Operator, Inc. - BA","ironmaking, blast furnace","Electricity; at grid; consumption mix - Southern Company Services, Inc. - Trans - BA","coal extraction and processing - Powder River Basin, BIT, Surface",0.03671141863683603,0.21191462081476045,0.046501530662343346,0.15981853889338338,0.9248591601093721,0.9743837579749771,0.04216026800585705,0.6404054734176089,0.00997411032501908,0.5267779393716613,0.1220612369067309,10.379610780761839,1.3077279774172825,0.009896007081212145,0.03286416736072974,0.1995128272853009,0.05944596006441027,0.07352620792151175,0.04513358138476449,1.4595237126176783,0.31693779496720553,0.1157283219301069,0.8835,0.0,0.0,0.0018465712337383683,8.834029427703008e-05,1.5628945396832844e-08,0.0364999441383364,nan,nan,nan,mca
"Electricity; at grid; consumption mix - PJM Interconnection, LLC - BA",Electricity; at grid; consumption mix - Duke Energy Carolinas - BA,"steelmaking, electric arc furnace","Electricity; at grid; consumption mix - PJM Interconnection, LLC - BA","ironmaking, blast furnace","Electricity; at grid; consumption mix - Electric Reliability Council of Texas, Inc. - BA",natural gas extraction and processing - Green River,"Electricity; at grid; consumption mix - Southern Company Services, Inc. - Trans - BA","ironmaking, blast furnace","Electricity; at grid; consumption mix - Midcontinent Independent System Operator, Inc. - BA","coal extraction and processing - Gulf Lignite, LIG, Surface",0.02223223447622861,0.18919215074384146,0.048616107733747,0.14909338523629573,1.0091165571030718,0.9690213933751831,0.03645921131322786,0.4154208480173622,0.01017314825502923,0.5142372140393641,0.11777462039003929,10.320425067449222,1.2460752513316546,0.010027060219994369,0.03752302233738345,0.18260924421008706,0.08051339954680817,0.06706654310580606,0.07522210979124287,0.9641133684090183,0.3329371498226903,0.12874124438417678,0.5667,0.0,0.0,0.0009116887600210525,4.908672315926979e-05,5.137718427653258e-09,0.018127703424579485,nan,nan,nan,mca
"Electricity; at grid; consumption mix - PJM Interconnection, LLC - BA",Electricity; at grid; consumption mix - Duke Energy Carolinas - BA,"steelmaking, electric arc furnace","Electricity; at grid; consumption mix - PJM Interconnection, LLC - BA","ironmaking, blast furnace","Electricity; at grid; consumption mix - Electric Reliability Council of Texas, Inc. - BA",natural gas extraction and processing - Green River,"Electricity; at grid; consumption mix - Southern Company Services, Inc. - Trans - BA","ironmaking, blast furnace","Electricity; at grid; consumption mix - Midcontinent Independent System Operator, Inc. - BA","coal extraction and processing - Gulf Lignite, LIG, Surface",0.031026212773464255,0.2061160999290557,0.04646898570171695,0.1338305535802316,0.7938989897949623,0.9696141781424065,0.03947896240343545,0.4962171242969452,0.009523813945170127,0.4876721191069767,0.12058767312636216,9.75713730063742,1.2894107668746022,0.009673797154705684,0.04907699115732408,0.1232212333618655,0.09604404749815852,0.0365684190342286,0.0646738909004791,0.8354901207862131,0.3091621662879019,0.1414199646378102,0.5939,0.0,0.0,0.0009920805903827178,5.225809829776271e-05,5.802105484386549e-09,0.018998063991855874,nan,nan,nan,mca
"Electricity; at grid; consumption mix - PJM Interconnection, LLC - BA",Electricity; at grid; consumption mix - Duke Energy Carolinas - BA,"steelmaking, electric arc furnace","Electricity; at grid; consumption mix - PJM Interconnection, LLC - BA","ironmaking, blast furnace","Electricity; at grid; consumption mix - Electric Reliability Council of Texas, Inc. - BA",natural gas extraction and processing - Green River,"Electricity; at grid; consumption mix - Southern Company Services, Inc. - Trans - BA","ironmaking, blast furnace","Electricity; at grid; consumption mix - Midcontinent Independent System Operator, Inc. - BA","coal extraction and processing - Gulf Lignite, LIG, Surface",0.02633500523122652,0.21953477293239093,0.0542918658065345,0.13767036588747547,0.8188669655971007,0.9807487217358124,0.027276027895003378,0.5428143425595104,0.009840264347322991,0.5264546857759564,0.12002890299843577,10.304959018286489,1.3534268985636948,0.009829477120872005,0.035833657317730944,0.17061076800980857,0.05361477004523604,0.05468354197787534,0.08082315602033097,1.1228774457745254,0.3378555182191664,0.12388397236108416,0.6247,0.0,0.0,0.0010544052700659776,5.532837793255321e-05,6.217873023129028e-09,0.020075514106450185,nan,nan,nan,mca
"Electricity; at grid; consumption mix - PJM Interconnection, LLC - BA",Electricity; at grid; consumption mix - Duke Energy Carolinas - BA,"steelmaking, electric arc furnace","Electricity; at grid; consumption mix - PJM Interconnection, LLC - BA","ironmaking, blast furnace","Electricity; at grid; consumption mix - Electric Reliability Council of Texas, Inc. - BA",natural gas extraction and processing - Green River,"Electricity; at grid; consumption mix - Southern Company Services, Inc. - Trans - BA","ironmaking, blast furnace","Electricity; at grid; consumption mix - Midcontinent Independent System Operator, Inc. - BA","coal extraction and processing - Gulf Lignite, LIG, Surface",0.034451392153438384,0.20501840164708438,0.04590127928524691,0.14232901733416964,0.9192511511487521,0.9690695094154745,0.0414295811711511,0.51204985832069,0.009701645691850863,0.4909201330155436,0.1198260659105003,10.319443318473201,1.3183902510077223,0.010374768880902645,0.04187310309724859,0.11059244535152044,0.12698641420744905,0.0603023313187081,0.08672313595158006,1.009303754165551,0.3553804128744882,0.11687566732289864,0.6239,0.0,0.0,0.0010333552691321485,5.474058679821391e-05,5.97314383015471e-09,0.020009193689512938,nan,nan,nan,mca
"Electricity; at grid; consumption mix - PJM Interconnection, LLC - BA",Electricity; at grid; consumption mix - Duke Energy Carolinas - BA,"steelmaking, electric arc furnace","Electricity; at grid; consumption mix - PJM Interconnection, LLC - BA","ironmaking, blast furnace","Electricity; at grid; consumption mix - Electric Reliability Council of Texas, Inc. - BA",natural gas extraction and processing - Green River,"Electricity; at grid; consumption mix - Southern Company Services, Inc. - Trans - BA","ironmaking, blast furnace","Electricity; at grid; consumption mix - Midcontinent Independent System Operator, Inc. - BA","coal extraction and processing - Gulf Lignite, LIG, Surface",0.024051532865446066,0.22436543919712892,0.04438460135079419,0.1512932242169926,0.791359672335641,0.968699232853584,0.03472867002586408,0.632911955610805,0.009563703386817508,0.49200059607178387,0.12472882825101503,10.19481744783984,1.2974646185371164,0.009938506053401134,0.02082948679365017,0.18199358420177514,0.10232355446631133,0.060828423401479204,0.07085553919726179,1.3896849377883347,0.4578173695604624,0.13224136332180048,0.7045,0.0,0.0,0.0011726483509001166,6.123336767503694e-05,6.982574586006861e-09,0.022089573841549543,nan,nan,nan,mca
Electricity; at grid; consumption mix - Tennessee Valley Authority - BA,Electricity; at grid; consumption mix - Southwest Power Pool - BA,"steelmaking, electric arc furnace","Electricity; at grid; consumption mix - Midcontinent Independent System Operator, Inc. - BA","ironmaking, blast furnace",Electricity; at grid; consumption mix - PacifiCorp East - BA,natural gas extraction and processing - Appalachian,Electricity; at grid; consumption mix - Salt River Project Agricultural Improvement and Power District - BA,"ironmaking, blast furnace","Electricity; at grid; consumption mix - Midcontinent Independent System Operator, Inc. - BA","coal extraction and processing - Gulf Lignite, LIG, Surface",0.026100642656731517,0.2037287312723368,0.04487735555752093,0.14841600849435946,0.8900035581622676,0.9710228843729541,0.01959134162457505,0.6472497112056946,0.01029591229704193,0.5101884866029182,0.12461395331194616,9.616973513932566,1.2801929854940663,0.00957754688348211,0.034406139421671644,0.12455819637230113,0.08892495888059328,0.0868163708845776,0.07917361456773694,1.2293342478667681,0.3489927680183982,0.12834882908802733,0.8518,0.0,0.0,0.0017915704351937557,8.476365768946433e-05,1.3773138834488058e-08,0.034331402656187324,nan,nan,nan,mca
Electricity; at grid; consumption mix - Tennessee Valley Authority - BA,Electricity; at grid; consumption mix - Southwest Power Pool - BA,"steelmaking, electric arc furnace","Electricity; at grid; consumption mix - Midcontinent Independent System Operator, Inc. - BA","ironmaking, blast furnace",Electricity; at grid; consumption mix - PacifiCorp East - BA,natural gas extraction and processing - Appalachian,Electricity; at grid; consumption mix - Salt River Project Agricultural Improvement and Power District - BA,"ironmaking, blast furnace","Electricity; at grid; consumption mix - Midcontinent Independent System Operator, Inc. - BA","coal extraction and processing - Gulf Lignite, LIG, Surface",0.02971466063071737,0.16860541067208434,0.05663503070961317,0.15111279238937575,0.8603330330677348,0.9663838440307216,0.04125254641530938,0.57869016332161,0.010087673565111623,0.4966581874499113,0.12359415038354882,9.438493255619223,1.2430170011611088,0.010300978442925426,0.041511558622005076,0.21900183194491532,0.11058124995727167,0.04247919363999145,0.055106385254906576,1.0554765786895524,0.3561345909297524,0.1045815601220105,0.8016,0.0,0.0,0.0016342622313080127,7.754516040763369e-05,1.2531026082670085e-08,0.031415913726932865,nan,nan,nan,mca
Electricity; at grid; consumption mix - Tennessee Valley Authority - BA,Electricity; at grid; consumption mix - Southwest Power Pool - BA,"steelmaking, electric arc furnace","Electricity; at grid; consumption mix - Midcontinent Independent System Operator, Inc. - BA","ironmaking, blast furnace",Electricity; at grid; consumption mix - PacifiCorp East - BA,natural gas extraction and processing - Appalachian,Electricity; at grid; consumption mix - Salt River Project Agricultural Improvement and Power District - BA,"ironmaking, blast furnace","Electricity; at grid; consumption mix - Midcontinent Independent System Operator, Inc. - BA","coal extraction and processing - Gulf Lignite, LIG, Surface",0.04155649905706175,0.1928895596679275,0.04166211555529111,0.14006059238965057,0.9946071376956357,0.9765473977531124,0.02998013508705235,0.5343261087388639,0.009909080973754668,0.5218873755381465,0.12268936491537048,10.31188026013359,1.3487631811201435,0.010005891773259036,0.022046821049964836,0.237865879554327,0.12159214737234851,0.08676524346015707,0.0700269658393493,1.0925876823933192,0.26681908391857223,0.12562756992480228,0.7554,0.0,0.0,0.0015852917065598774,7.563709529929118e-05,1.1971702722239506e-08,0.030731542494005806,nan,nan,nan,mca
Electricity; at grid; consumption mix - Tennessee Valley Authority - BA,Electricity; at grid; consumption mix - Southwest Power Pool - BA,"steelmaking, electric arc furnace","Electricity; at grid; consumption mix - Midcontinent Independent System Operator, Inc. - BA","ironmaking, blast furnace",Electricity; at grid; consumption mix - PacifiCorp East - BA,natural gas extraction and processing - Appalachian,Electricity; at grid; consumption mix - Salt River Project Agricultural Improvement and Power District - BA,"ironmaking, blast furnace","Electricity; at grid; consumption mix - Midcontinent Independent System Operator, Inc. - BA","coal extraction and processing - Gulf Lignite, LIG, Surface",0.037791594478142176,0.22373640151487612,0.048060627975996986,0.16458258360438832,0.8221646467268471,0.9691500564803381,0.03762907992147847,0.5410826573433626,0.00955772810738546,0.49909567205899635,0.1149185302238569,9.662162908338477,1.243433659785907,0.01043803539932018,0.033766467564638025,0.1763662764239519,0.139919942829105,0.07521998420569802,0.08058096522564914,1.3296579586583177,0.3203981727656403,0.12320519369686406,0.8072,0.0,0.0,0.001648898791448317,7.801494881448553e-05,1.265480078433508e-08,0.03143284478822327,nan,nan,nan,mca
Electricity; at grid; consumption mix - Tennessee Valley Authority - BA,Electricity; at grid; consumption mix - Southwest Power Pool - BA,"steelmaking, electric arc furnace","Electricity; at grid; consumption mix - Midcontinent Independent System Operator, Inc. - BA","ironmaking, blast furnace",Electricity; at grid; consumption mix - PacifiCorp East - BA,natural gas extraction and processing - Appalachian,Electricity; at grid; consumption mix - Salt River Project Agricultural Improvement and Power District - BA,"ironmaking, blast furnace","Electricity; at grid; consumption mix - Midcontinent Independent System Operator, Inc. - BA","coal extraction and processing - Gulf Lignite, LIG, Surface",0.025697328305844695,0.200530634423866,0.04684195267491266,0.1622747163240636,0.8366938933090668,0.9695229216436981,0.02786007102523888,0.533479166424926,0.01045298539745216,0.4911478578448069,0.12460794228937702,9.502300406222338,1.3048574386379614,0.009707819901022893,0.029033630510671198,0.12457658722770015,0.1275064644968238,0.07432118112181958,0.0936942564409788,1.1673139825782965,0.3817261425944833,0.12959848259609244,0.7776,0.0,0.0,0.0015916449782953446,7.544180681659303e-05,1.2200601258585371e-08,0.030444932938834383,nan,nan,nan,mca
"Electricity; at grid; consumption mix - PJM Interconnection, LLC - BA","Electricity; at grid; consumption mix - Midcontinent Independent System Operator, Inc. - BA","steelmaking, electric arc furnace","Electricity; at grid; consumption mix - Midcontinent Independent System Operator, Inc. - BA","ironmaking, blast furnace","Electricity; at grid; consumption mix - Midcontinent Independent System Operator, Inc. - BA",natural gas extraction and processing - Arkla,"Electricity; at grid; consumption mix - Midcontinent Independent System Operator, Inc. - BA","ironmaking, blast furnace","Electricity; at grid; consumption mix - PJM Interconnection, LLC - BA","coal extraction and processing - Northern Appalachia, WC, Underground",0.029123877098839755,0.18199738981154598,0.043451975988217144,0.13310214992397332,0.7199128538025027,0.9820240337751258,0.04026872655625145,0.5153678457569103,0.009893506134260169,0.49655732764528066,0.11476929130336232,10.005972635460896,1.3411639234873345,0.009836311208497428,0.0429152868320561,0.18502211380511785,0.07689243940641474,0.06403606144142138,0.039614370671340826,0.8385998149371079,0.28799749579943174,0.12293505593177442,0.7106,0.0,0.0,0.001522202652176759,7.267678706763465e-05,1.1391036821725051e-08,0.029578655809949148,nan,nan,nan,mca
"Electricity; at grid; consumption mix - PJM Interconnection, LLC - BA","Electricity; at grid; consumption mix - Midcontinent Independent System Operator, Inc. - BA","steelmaking, electric arc furnace","Electricity; at grid; consumption mix - Midcontinent Independent System Operator, Inc. - BA","ironmaking, blast furnace","Electricity; at grid; consumption mix - Midcontinent Independent System Operator, Inc. - BA",natural gas extraction and processing - Arkla,"Electricity; at grid; consumption mix - Midcontinent Independent System Operator, Inc. - BA","ironmaking, blast furnace","Electricity; at grid; consumption mix - PJM Interconnection, LLC - BA","coal extraction and processing - Northern Appalachia, WC, Underground",0.02814779671685847,0.1882729150267523,0.046971179371862626,0.15240599556984036,0.8163486106730605,0.9629427405464208,0.03477014003577926,0.5084801064815676,0.009934484849674146,0.5094697749938898,0.11528053238252925,9.855778567595312,1.3221229906825471,0.00986289289233075,0.04102476852284448,0.2060093117534602,0.0834992589682225,0.06253340835181632,0.07538223547885853,0.9733998786341391,0.353345523475568,0.12456271055158338,0.7773,0.0,0.0,0.0015810509283881373,7.573212300364277e-05,1.1714158622394712e-08,0.030852606068617144,nan,nan,nan,mca
"Electricity; at grid; consumption mix - PJM Interconnection, LLC - BA","Electricity; at grid; consumption mix - Midcontinent Independent System Operator, Inc. - BA","steelmaking, electric arc furnace","Electricity; at grid; consumption mix - Midcontinent Independent System Operator, Inc. - BA","ironmaking, blast furnace","Electricity; at grid; consumption mix - Midcontinent Independent System Operator, Inc. - BA",natural gas extraction and processing - Arkla,"Electricity; at grid; consumption mix - Midcontinent Independent System Operator, Inc. - BA","ironmaking, blast furnace","Electricity; at grid; consumption mix - PJM Interconnection, LLC - BA","coal extraction and processing - Northern Appalachia, WC, Underground",0.030825956046673667,0.19784458569705415,0.05148339362137899,0.1648418573441348,0.987735723125881,0.9793118997113498,0.020770544873088603,0.6429343035514913,0.009856129766484908,0.506037074072873,0.12068220538177453,9.776931363097297,1.2638453419406004,0.009623759916616929,0.03979501246827453,0.22086830309840882,0.10435654174610157,0.08393705996740802,0.07750641724680636,0.8436777105791148,0.323708018572358,0.1313062376982801,0.8701,0.0,0.0,0.0018779877566471928,8.988610527210278e-05,1.4009937990818103e-08,0.03674192570624807,nan,nan,nan,mca
"Electricity; at grid; consumption mix - PJM Interconnection, LLC - BA","Electricity; at grid; consumption mix - Midcontinent Independent System Operator, Inc. - BA","steelmaking, electric arc furnace","Electricity; at grid; consumption mix - Midcontinent Independent System Operator, Inc. - BA","ironmaking, blast furnace","Electricity; at grid; consumption mix - Midcontinent Independent System Operator, Inc. - BA",natural gas extraction and processing - Arkla,"Electricity; at grid; consumption mix - Midcontinent Independent System Operator, Inc. - BA","ironmaking, blast furnace","Electricity; at grid; consumption mix - PJM Interconnection, LLC - BA","coal extraction and processing - Northern Appalachia, WC, Underground",0.03640005588416719,0.19776378681154833,0.042815991304864964,0.14602625401048855,0.8426562068859526,0.9624131055010257,0.028005418166681173,0.544569337368599,0.009968996176536682,0.5056078097620512,0.12173715841414454,10.176216927702551,1.349965625196862,0.010392131464846363,0.034684993229265215,0.2595156395188698,0.07075920866355993,0.0680607424289125,0.10577931014419328,0.8944787424507801,0.32854295314559745,0.12412840024367344,0.8043,0.0,0.0,0.0016644790829337852,7.96934576886342e-05,1.2347056571512071e-08,0.03246235364143707,nan,nan,nan,mca
"Electricity; at grid; consumption mix - PJM Interconnection, LLC - BA","Electricity; at grid; consumption mix - Midcontinent Independent System Operator, Inc. - BA","steelmaking, electric arc furnace","Electricity; at grid; consumption mix - Midcontinent Independent System Operator, Inc. - BA","ironmaking, blast furnace","Electricity; at grid; consumption mix - Midcontinent Independent System Operator, Inc. - BA",natural gas extraction and processing - Arkla,"Electricity; at grid; consumption mix - Midcontinent Independent System Operator, Inc. - BA","ironmaking, blast furnace","Electricity; at grid; consumption mix - PJM Interconnection, LLC - BA","coal extraction and processing - Northern Appalachia, WC, Underground",0.026141363232794708,0.20534833618399795,0.05921099889725569,0.13808331658056128,0.7663033893046506,0.9767514995474983,0.04225483944696021,0.4495514404194627,0.009665005693439801,0.5318034300043177,0.11624170863702177,9.975092728240838,1.2675359086278757,0.009720205074023646,0.044837959983625955,0.08866249237348497,0.0992048193246029,0.04853834802490414,0.07021852877788341,0.9986851511420172,0.3361242278655277,0.1342153772937002,0.7118,0.0,0.0,0.0014417076176904994,6.919757955671812e-05,1.062201342200949e-08,0.028106281109225195,nan,nan,nan,mca
"Electricity; at grid; consumption mix - PJM Interconnection, LLC - BA","Electricity; at grid; consumption mix - Electric Reliability Council of Texas, Inc. - BA","steelmaking, electric arc furnace",Electricity; at grid; consumption mix - Seattle City Light - BA,"ironmaking, blast furnace","Electricity; at grid; consumption mix - Southern Company Services, Inc. - Trans - BA",natural gas extraction and processing - Appalachian,Electricity; at grid; consumption mix - Arizona Public Service Company - BA,"ironmaking, blast furnace",Electricity; at grid; consumption mix - California Independent System Operator - BA,"coal extraction and processing - Northern Appalachia, WC, Underground",0.044367958749391506,0.2051438667475005,0.05108153579946903,0.1509570180836599,0.8636382108173362,0.9801103778974317,0.03410100785258129,0.3720244211191506,0.01022248877760809,0.5255269762500628,0.12280591098943597,10.165928544051782,1.3144545353630313,0.010363598521031898,0.03287433627887344,0.12339035933014349,0.095376385777422,0.06924617989415291,0.0776407599126185,1.1192708380627705,0.36232012792332957,0.15459765801850972,0.3915,0.0,0.0,0.0006660179989797783,3.687132773333968e-05,2.9117378686039296e-09,0.01535281814934703,nan,nan,nan,mca
"Electricity; at grid; consumption mix - PJM Interconnection, LLC - BA","Electricity; at grid; consumption mix - Electric Reliability Council of Texas, Inc. - BA","steelmaking, electric arc furnace",Electricity; at grid; consumption mix - Seattle City Light - BA,"ironmaking, blast furnace","Electricity; at grid; consumption mix - Southern Company Services, Inc. - Trans - BA",natural gas extraction and processing - Appalachian,Electricity; at grid; consumption mix - Arizona Public Service Company - BA,"ironmaking, blast furnace",Electricity; at grid; consumption mix - California Independent System Operator - BA,"coal extraction and processing - Northern Appalachia, WC, Underground",0.03418971768096854,0.21224519766970956,0.0452364610175372,0.13787283758271313,0.840912824793818,0.9677234797305148,0.035976625305249275,0.536389951123888,0.009526167913404819,0.5172909683235722,0.1175466245323859,9.90277366166606,1.2575085038205063,0.010141891265173883,0.03525656754085141,0.14178262171977168,0.12609635847620204,0.054074827519943844,0.07096031670355873,0.9871541703123096,0.2631501861347652,0.150149970250155,0.4021,0.0,0.0,0.0006693810654882467,3.7348913576137994e-05,2.991910696999085e-09,0.015416739586563805,nan,nan,nan,mca
"Electricity; at grid; consumption mix - PJM Interconnection, LLC - BA","Electricity; at grid; consumption mix - Electric Reliability Council of Texas, Inc. - BA","steelmaking, electric arc furnace",Electricity; at grid; consumption mix - Seattle City Light - BA,"ironmaking, blast furnace","Electricity; at grid; consumption mix - Southern Company Services, Inc. - Trans - BA",natural gas extraction and processing - Appalachian,Electricity; at grid; consumption mix - Arizona Public Service Company - BA,"ironmaking, blast furnace",Electricity; at grid; consumption mix - California Independent System Operator - BA,"coal extraction and processing - Northern Appalachia, WC, Underground",0.0246075920261915,0.20083766132115455,0.05272784108811268,0.15295997755544297,0.8723513570667578,0.9843550368548876,0.011755020650705874,0.6196661762255187,0.009966525202118388,0.5295969219500574,0.11834624972809327,9.992107175891114,1.3281497057118323,0.009534289611983611,0.034027788216722935,0.1727242029998386,0.12364752805533044,0.08622120353606796,0.07998466401801313,1.3204777928006752,0.43981305993436043,0.11886659108882322,0.3901,0.0,0.0,0.0006776418454685919,3.8032143750404136e-05,3.005740701138358e-09,0.01575149736074709,nan,nan,nan,mca
"Electricity; at grid; consumption mix - PJM Interconnection, LLC - BA","Electricity; at grid; consumption mix - Electric Reliability Council of Texas, Inc. - BA","steelmaking, electric arc furnace",Electricity; at grid; consumption mix - Seattle City Light - BA,"ironmaking, blast furnace","Electricity; at grid; consumption mix - Southern Company Services, Inc. - Trans - BA",natural gas extraction and processing - Appalachian,Electricity; at grid; consumption mix - Arizona Public Service Company - BA,"ironmaking, blast furnace",Electricity; at grid; consumption mix - California Independent System Operator - BA,"coal extraction and processing - Northern Appalachia, WC, Underground",0.04153350146514884,0.19455663702487508,0.050907616262831676,0.14207422258827931,0.8446265464306659,0.9827883217163427,0.014655159439440017,0.5884613607990494,0.009807455927812257,0.5115571883272246,0.11452830927555606,9.688111134115754,1.2628755867120718,0.01001462978410084,0.03465714702701268,0.12053810979575183,0.14514011865691784,0.09207914874220491,0.07158062953963883,1.0832045360193028,0.3163175531446729,0.14344864237587668,0.376,0.0,0.0,0.0006528924257204394,3.6685645106172086e-05,2.8888628596517088e-09,0.015194581816525351,nan,nan,nan,mca
"Electricity; at grid; consumption mix - PJM Interconnection, LLC - BA","Electricity; at grid; consumption mix - Electric Reliability Council of Texas, Inc. - BA","steelmaking, electric arc furnace",Electricity; at grid; consumption mix - Seattle City Light - BA,"ironmaking, blast furnace","Electricity; at grid; consumption mix - Southern Company Services, Inc. - Trans - BA",natural gas extraction and processing - Appalachian,Electricity; at grid; consumption mix - Arizona Public Service Company - BA,"ironmaking, blast furnace",Electricity; at grid; consumption mix - California Independent System Operator - BA,"coal extraction and processing - Northern Appalachia, WC, Underground",0.032040964247327594,0.1778656985205946,0.05179875687115143,0.16069778789090905,0.9710653224461598,0.9751687685063268,0.046243478560131494,0.4448016952546184,0.009797305671445034,0.5068949542696141,0.11735351152827289,10.194645744126943,1.2959546153593808,0.010448925144303456,0.0279941492174352,0.2047353806173119,0.08811986927334627,0.07645254566383203,0.06726828210032361,1.2208665834889079,0.39641353104095456,0.10013872577442232,0.4058,0.0,0.0,0.0006727557864180966,3.7718553518702655e-05,2.8351674416615453e-09,0.01585895200439601,nan,nan,nan,mca
Electricity; at grid; consumption mix - Duke Energy Progress East - BA,Electricity; at grid; consumption mix - Tucson Electric Power - BA,"steelmaking, electric arc furnace","Electricity; at grid; consumption mix - Midcontinent Independent System Operator, Inc. - BA","ironmaking, blast furnace",Electricity; at grid; consumption mix - Tampa Electric Company - BA,natural gas extraction and processing - Piceance,"Electricity; at grid; consumption mix - PJM Interconnection, LLC - BA","ironmaking, blast furnace","Electricity; at grid; consumption mix - Midcontinent Independent System Operator, Inc. - BA","coal extraction and processing - Northern Appalachia, WC, Surface",0.030118574959363292,0.20311239087634958,0.056183014495602146,0.13547179051979982,0.9104310413494281,0.9808133570699086,0.01972386207869352,0.5430626057459281,0.009938532552864289,0.5250617597331139,0.12081357766640646,9.952692863382428,1.3060208317653885,0.010461758606890385,0.026875247533596366,0.16782670687728515,0.14804872807596747,0.08433602568803997,0.09463235564903251,1.016661576900313,0.39695278195850403,0.1033624168056384,0.7738,0.0,0.0,0.0015208825400468418,7.518988813659742e-05,1.285680331638887e-08,0.030725728107847804,nan,nan,nan,mca
Electricity; at grid; consumption mix - Duke Energy Progress East - BA,Electricity; at grid; consumption mix - Tucson Electric Power - BA,"steelmaking, electric arc furnace","Electricity; at grid; consumption mix - Midcontinent Independent System Operator, Inc. - BA","ironmaking, blast furnace",Electricity; at grid; consumption mix - Tampa Electric Company - BA,natural gas extraction and processing - Piceance,"Electricity; at grid; consumption mix - PJM Interconnection, LLC - BA","ironmaking, blast furnace","Electricity; at grid; consumption mix - Midcontinent Independent System Operator, Inc. - BA","coal extraction and processing - Northern Appalachia, WC, Surface",0.02637317268957952,0.19014483338399016,0.05558729212080776,0.14382678820031633,0.8429415632448489,0.976606778809556,0.019434487875782003,0.4273403750642213,0.009897431031284858,0.5016184387564693,0.12245087586902738,10.110004772142217,1.2474801792147427,0.009607667564184012,0.03351596219851058,0.10205196548880376,0.110128312730428,0.04620123940078801,0.07190175609125762,1.4302583873022119,0.35542893975510204,0.10705929169619553,0.7014,0.0,0.0,0.0012954357580931145,6.449999668115763e-05,1.1116780210832237e-08,0.026338963732455978,nan,nan,nan,mca
Electricity; at grid; consumption mix - Duke Energy Progress East - BA,Electricity; at grid; consumption mix - Tucson Electric Power - BA,"steelmaking, electric arc furnace","Electricity; at grid; consumption mix - Midcontinent Independent System Operator, Inc. - BA","ironmaking, blast furnace",Electricity; at grid; consumption mix - Tampa Electric Company - BA,natural gas extraction and processing - Piceance,"Electricity; at grid; consumption mix - PJM Interconnection, LLC - BA","ironmaking, blast furnace","Electricity; at grid; consumption mix - Midcontinent Independent System Operator, Inc. - BA","coal extraction and processing - Northern Appalachia, WC, Surface",0.03425756845448747,0.16702346242672342,0.055699979713743734,0.15372775488590462,0.89608136595429,0.9634680608811927,0.024118046753226312,0.5194260807196801,0.01000087571057617,0.523311946113888,0.11457826001807804,9.547241640080179,1.2935284608084217,0.00977758666997838,0.021196614748854002,0.044745280241122384,0.06258643930899677,0.049976737803833965,0.0804127532473429,0.9697726814818528,0.33558948341633865,0.11303711852528912,0.792,0.0,0.0,0.0014903328578914628,7.342898206804481e-05,1.269423187937115e-08,0.030065826001466355,nan,nan,nan,mca
Electricity; at grid; consumption mix - Duke Energy Progress East - BA,Electricity; at grid; consumption mix - Tucson Electric Power - BA,"steelmaking, electric arc furnace","Electricity; at grid; consumption mix - Midcontinent Independent System Operator, Inc. - BA","ironmaking, blast furnace",Electricity; at grid; consumption mix - Tampa Electric Company - BA,natural gas extraction and processing - Piceance,"Electricity; at grid; consumption mix - PJM Interconnection, LLC - BA","ironmaking, blast furnace","Electricity; at grid; consumption mix - Midcontinent Independent System Operator, Inc. - BA","coal extraction and processing - Northern Appalachia, WC, Surface",0.033288376514959694,0.22035485528112753,0.05567998197851716,0.14855259536341106,0.9593603094122718,0.9707126706804867,0.01902065441024395,0.459889265609481,0.009807990825147068,0.4981611235075364,0.11446313332589628,9.430244657296079,1.3228935543275007,0.00969196793668757,0.021998177493029996,0.14854765216380578,0.06905560349631495,0.06985027071347168,0.10794913047427045,1.474071189251008,0.36708762662749295,0.1427323101892571,0.7718,0.0,0.0,0.0014162105567810807,7.079162318767004e-05,1.2037647436148503e-08,0.028893855340933368,nan,nan,nan,mca
Electricity; at grid; consumption mix - Duke Energy Progress East - BA,Electricity; at grid; consumption mix - Tucson Electric Power - BA,"steelmaking, electric arc furnace","Electricity; at grid; consumption mix - Midcontinent Independent System Operator, Inc. - BA","ironmaking, blast furnace",Electricity; at grid; consumption mix - Tampa Electric Company - BA,natural gas extraction and processing - Piceance,"Electricity; at grid; consumption mix - PJM Interconnection, LLC - BA","ironmaking, blast furnace","Electricity; at grid; consumption mix - Midcontinent Independent System Operator, Inc. - BA","coal extraction and processing - Northern Appalachia, WC, Surface",0.02670261358596436,0.16678356142929804,0.0523562803153647,0.16214996810777027,0.8779858295547771,0.9706635277826708,0.034487573793060396,0.47505568235256285,0.010045006384259907,0.4930517045463297,0.11521124315124795,10.007651266144508,1.276540588340311,0.010324411763557636,0.028827730846601004,0.16891099259527884,0.058338417518012164,0.06694752905096196,0.07311371520009963,0.9563196593700126,0.3063098960488102,0.12015624833024469,0.7424,0.0,0.0,0.001402706581843337,6.931724766188787e-05,1.2083339839315526e-08,0.028383013415604286,nan,nan,nan,mca
Electricity; at grid; consumption mix - PacifiCorp East - BA,Electricity; at grid; consumption mix - Tennessee Valley Authority - BA,"steelmaking, electric arc furnace",Electricity; at grid; consumption mix - Southwest Power Pool - BA,"ironmaking, blast furnace","Electricity; at grid; consumption mix - PJM Interconnection, LLC - BA",natural gas extraction and processing - Appalachian,"Electricity; at grid; consumption mix - Midcontinent Independent System Operator, Inc. - BA","ironmaking, blast furnace","Electricity; at grid; consumption mix - Electric Reliability Council of Texas, Inc. - BA","coal extraction and processing - West/Northwest, SUB, Underground",0.04031722355360169,0.17937400672181472,0.04292146782698322,0.14340930654839343,0.8346329504370259,0.9804059073805365,0.027698908255890664,0.4316662781974583,0.010450956185411154,0.5160725210198088,0.12457502891197772,9.412935002873093,1.3196042398331316,0.010139294240396916,0.02536193478935727,0.12754630067194603,0.11649832484741088,0.07483599521122374,0.06180286974117079,1.0932379125851426,0.43897695419776717,0.1305544554371635,0.6783,0.0,0.0,0.0012573402112079075,5.979345024983066e-05,1.0866478672221978e-08,0.023837908717810517,nan,nan,nan,mca
Electricity; at grid; consumption mix - PacifiCorp East - BA,Electricity; at grid; consumption mix - Tennessee Valley Authority - BA,"steelmaking, electric arc furnace",Electricity; at grid; consumption mix - Southwest Power Pool - BA,"ironmaking, blast furnace","Electricity; at grid; consumption mix - PJM Interconnection, LLC - BA",natural gas extraction and processing - Appalachian,"Electricity; at grid; consumption mix - Midcontinent Independent System Operator, Inc. - BA","ironmaking, blast furnace","Electricity; at grid; consumption mix - Electric Reliability Council of Texas, Inc. - BA","coal extraction and processing - West/Northwest, SUB, Underground",0.02756893347042154,0.16610158535916283,0.04475724389345119,0.13247626439680804,0.9461532807413491,0.9693527303282464,0.02249541884387609,0.3860435749412331,0.010486402380676196,0.4906097012371921,0.1209801241404268,10.230512366643305,1.3092118163339088,0.009872758303688452,0.028645521164711824,0.10195177801243471,0.08054487311995737,0.03760881943133002,0.07940063956198531,1.0267199769147013,0.3166305498171421,0.1405631760760986,0.6501,0.0,0.0,0.0011618174482817194,5.57984473354354e-05,9.825373039205984e-09,0.02242280565750308,nan,nan,nan,mca
