providers_electricity_120V,providers_naturalgas,providers_trans_truck,"concrete, 20.7 Mpa - national avg, A1-A3 q_PC","concrete, 20.7 Mpa - national avg, A1-A3 msw",market for Portland cement t_km,market for sand t_km,"market for gravel, crushed t_km","A5, construction d_vol","C2, transportation  dist",gwp,ap,ep,odp,pocp
"Electricity; at user; consumption mix - Midcontinent Independent System Operator, Inc. - BA",natural gas extraction and processing - Permian,"market for transport, freight, lorry 7.5-16 metric ton, EURO6 | transport, freight, lorry 7.5-16 metric ton, EURO6 | Cutoff, U",211.58696436599593,0.0,0.10822147461625888,0.06023133114850589,0.06406547599576984,0.0,97.31675874759195,230.4764,0.48716084598860065,0.23361119568613956,1.6416963558265115e-05,9.338466407171982
"Electricity; at user; consumption mix - PJM Interconnection, LLC - BA",natural gas extraction and processing - Appalachian,"market for transport, freight, lorry 7.5-16 metric ton, EURO6 | transport, freight, lorry 7.5-16 metric ton, EURO6 | Cutoff, U",192.6331023818847,0.0,0.12793321431161112,0.06421054352029777,0.0799828853717905,0.0,110.18474273500097,217.1553,0.4633017216974353,0.22289746793626128,1.6825899958148784e-05,8.792624969830607
"Electricity; at user; consumption mix - Midcontinent Independent System Operator, Inc. - BA",natural gas extraction and processing - Gulf,"market for transport, freight, lorry 7.5-16 metric ton, EURO5 | transport, freight, lorry 7.5-16 metric ton, EURO5 | Cutoff, U",242.86157037466683,0.0,0.1076544504930944,0.06643955349968504,0.07073240575417034,0.0,106.01511249478187,261.7485,0.5829178979413909,0.2648041835085014,1.816135936595698e-05,11.804406210100016
"Electricity; at user; consumption mix - Midcontinent Independent System Operator, Inc. - BA",natural gas extraction and processing - Appalachian,"market for transport, freight, lorry 7.5-16 metric ton, EURO5 | transport, freight, lorry 7.5-16 metric ton, EURO5 | Cutoff, U",209.47938858475788,0.0,0.1088148532349602,0.07497785601529705,0.073977737620462,0.0,115.74175866245838,233.462,0.5323172951209487,0.2394059726015176,1.747591135247375e-05,10.757442613543166
"Electricity; at user; consumption mix - PJM Interconnection, LLC - BA",natural gas extraction and processing - Strawn,"market for transport, freight, lorry 7.5-16 metric ton, EURO5 | transport, freight, lorry 7.5-16 metric ton, EURO5 | Cutoff, U",268.24915960207863,0.0,0.1036524719459151,0.06555065234367838,0.07342286778008981,0.0,118.13806254747601,283.9469,0.6208401784262858,0.28595278239061456,1.908978758152617e-05,12.542128807552698
"Electricity; at user; consumption mix - Midcontinent Independent System Operator, Inc. - BA",natural gas extraction and processing - Permian,"market for transport, freight, lorry 7.5-16 metric ton, EURO6 | transport, freight, lorry 7.5-16 metric ton, EURO6 | Cutoff, U",190.32541493288178,0.0,0.09730481035703918,0.07107373725669033,0.06819847118859286,0.0,111.23273775031828,213.4842,0.4572872413647589,0.21844140589059902,1.6199788690541317e-05,8.7084435405159
"Electricity; at user; consumption mix - PJM Interconnection, LLC - BA",natural gas extraction and processing - Anadarko,"market for transport, freight, lorry 7.5-16 metric ton, EURO6 | transport, freight, lorry 7.5-16 metric ton, EURO6 | Cutoff, U",202.8611432990887,0.0,0.11960548542531152,0.06503467173371377,0.06782500221243488,0.0,121.92550492426744,223.8065,0.4741487998132194,0.2285022181874144,1.6562161578582625e-05,9.047386137191024
Electricity; at user; consumption mix - Florida Municipal Power Pool - BA,natural gas extraction and processing - Anadarko,"market for transport, freight, lorry 7.5-16 metric ton, EURO5 | transport, freight, lorry 7.5-16 metric ton, EURO5 | Cutoff, U",233.60307904565934,0.0,0.1207613837942012,0.06003486647088466,0.06525112332013562,0.0,113.97127485843053,251.4607,0.5563021177579704,0.2549538862625452,1.739308775885793e-05,11.271104123007904
"Electricity; at user; consumption mix - Electric Reliability Council of Texas, Inc. - BA",natural gas extraction and processing - Appalachian,"market for transport, freight, lorry 16-32 metric ton, EURO5 | transport, freight, lorry 16-32 metric ton, EURO5 | Cutoff, U",260.29876382201735,0.0,0.10629446816374423,0.06793466686022075,0.06541117685102496,0.0,104.2859897020339,268.8682,0.5839175560697212,0.26807601499010575,1.7026259845764232e-05,11.877640775658408
Electricity; at user; consumption mix - Tennessee Valley Authority - BA,natural gas extraction and processing - Gulf,"market for transport, freight, lorry 7.5-16 metric ton, EURO5 | transport, freight, lorry 7.5-16 metric ton, EURO5 | Cutoff, U",220.61946412779986,0.0,0.11218469050619986,0.06348202813528281,0.0670604635937674,0.0,112.84093797659735,239.3097,0.5375036702305319,0.24476247245390587,1.7051911937187982e-05,10.873013127284345
Electricity; at user; consumption mix - Florida Power & Light Co. - BA,natural gas extraction and processing - Appalachian,"market for transport, freight, lorry 16-32 metric ton, EURO6 | transport, freight, lorry 16-32 metric ton, EURO6 | Cutoff, U",267.51221427447496,0.0,0.12472778254414735,0.07531942472672873,0.061925313163901805,0.0,88.27895046254464,275.2577,0.5643276808615052,0.2730752286076963,1.7441265559394076e-05,11.04556896814751
"Electricity; at user; consumption mix - Electric Reliability Council of Texas, Inc. - BA",natural gas extraction and processing - Anadarko,"market for transport, freight, lorry 16-32 metric ton, EURO6 | transport, freight, lorry 16-32 metric ton, EURO6 | Cutoff, U",235.94744930113035,0.0,0.11123430478584952,0.06107389861902026,0.05635441678839844,0.0,97.55246062982094,244.2037,0.5086120809634348,0.24364453925402313,1.5519040922830888e-05,9.948003665900947
Electricity; at user; consumption mix - New York Independent System Operator - BA,natural gas extraction and processing - Gulf,"market for transport, freight, lorry 7.5-16 metric ton, EURO6 | transport, freight, lorry 7.5-16 metric ton, EURO6 | Cutoff, U",270.9953163700303,0.0,0.1088310494173083,0.06670109087943474,0.06461992945592954,0.0,100.01559798630407,283.9136,0.5852630031001633,0.28456640394531224,1.882942947242018e-05,11.352869518184974
"Electricity; at user; consumption mix - Electric Reliability Council of Texas, Inc. - BA",natural gas extraction and processing - Arkla,"market for transport, freight, lorry 16-32 metric ton, EURO6 | transport, freight, lorry 16-32 metric ton, EURO6 | Cutoff, U",207.90722674083307,0.0,0.11790650041949587,0.0640656720832013,0.0631942339401476,0.0,116.02042087742463,220.4901,0.46603962673160587,0.22215444889297328,1.4940709225518906e-05,9.069739650741223
"Electricity; at user; consumption mix - PJM Interconnection, LLC - BA",natural gas extraction and processing - Appalachian,"market for transport, freight, lorry 7.5-16 metric ton, EURO6 | transport, freight, lorry 7.5-16 metric ton, EURO6 | Cutoff, U",164.84254829939567,0.0,0.11497528404034571,0.06639673388233497,0.06288918199821147,0.0,108.8063084765156,188.1274,0.4080806875046538,0.19565457609242057,1.4925849728427954e-05,7.735109993439413
"Electricity; at user; consumption mix - PJM Interconnection, LLC - BA",natural gas extraction and processing - Appalachian,"market for transport, freight, lorry 16-32 metric ton, EURO5 | transport, freight, lorry 16-32 metric ton, EURO5 | Cutoff, U",234.11140059964234,0.0,0.12522065776675745,0.06934121434191802,0.07197230808007046,0.0,107.75076247345908,246.6985,0.5436026853778052,0.2483107844612039,1.6580058152675994e-05,11.027155904132872
Electricity; at user; consumption mix - Western Area Power Administration - Rocky Mountain Region - BA,natural gas extraction and processing - Arkla,"market for transport, freight, lorry 7.5-16 metric ton, EURO6 | transport, freight, lorry 7.5-16 metric ton, EURO6 | Cutoff, U",254.94748960628704,0.0,0.11264219386953991,0.06561450304157428,0.07655690984299698,0.0,97.55382284736284,274.9979,0.5656365861634298,0.27380501812216723,1.8906920349556597e-05,10.878663866725587
"Electricity; at user; consumption mix - PJM Interconnection, LLC - BA",natural gas extraction and processing - Strawn,"market for transport, freight, lorry 16-32 metric ton, EURO6 | transport, freight, lorry 16-32 metric ton, EURO6 | Cutoff, U",210.4777237961513,0.0,0.10451614056031544,0.05949358047883855,0.06843665059326154,0.0,125.81565654977176,222.1227,0.46630721559264365,0.22383635095617765,1.4970812613064753e-05,9.035730457383652
Electricity; at user; consumption mix - California Independent System Operator - BA,natural gas extraction and processing - Green River,"market for transport, freight, lorry 16-32 metric ton, EURO5 | transport, freight, lorry 16-32 metric ton, EURO5 | Cutoff, U",220.62028835027442,0.0,0.10786612895332295,0.0668912467019874,0.07221720905714944,0.0,97.5385121798532,232.6626,0.5157713181929328,0.23608374100185334,1.5838504439184108e-05,10.554184912029909
"Electricity; at user; consumption mix - Midcontinent Independent System Operator, Inc. - BA",natural gas extraction and processing - Appalachian,"market for transport, freight, lorry 16-32 metric ton, EURO5 | transport, freight, lorry 16-32 metric ton, EURO5 | Cutoff, U",230.4876722767912,0.0,0.10696816008698001,0.06689991181806057,0.059212173001533905,0.0,121.49387476492092,241.2291,0.5302396880148306,0.24212666738311828,1.5736349975903296e-05,10.74255989338287
Electricity; at user; consumption mix - Tennessee Valley Authority - BA,natural gas extraction and processing - Appalachian,"market for transport, freight, lorry 7.5-16 metric ton, EURO6 | transport, freight, lorry 7.5-16 metric ton, EURO6 | Cutoff, U",219.01333088863765,0.0,0.10470891400405834,0.06354824136876955,0.06936219454264844,0.0,93.53273036667112,237.6942,0.49925998641861075,0.24130296851937044,1.701479116524939e-05,9.553561531571969
"Electricity; at user; consumption mix - Midcontinent Independent System Operator, Inc. - BA",natural gas extraction and processing - Appalachian,"market for transport, freight, lorry 7.5-16 metric ton, EURO6 | transport, freight, lorry 7.5-16 metric ton, EURO6 | Cutoff, U",230.33605591969032,0.0,0.12173898127045822,0.06748795261372369,0.06917409087418229,0.0,117.6423709507038,250.5856,0.5256303834885843,0.25255928303959146,1.781985897075473e-05,10.070737884216676
"Electricity; at user; consumption mix - Public Utility District No. 2 of Grant County, Washington - BA",natural gas extraction and processing - Arkla,"market for transport, freight, lorry 16-32 metric ton, EURO6 | transport, freight, lorry 16-32 metric ton, EURO6 | Cutoff, U",244.21490240726789,0.0,0.10414192296971402,0.06677856872385789,0.06372407474353392,0.0,123.47232997971798,250.1225,0.5169787728888877,0.25169045195137724,1.6182363351178303e-05,10.069030886040789
Electricity; at user; consumption mix - California Independent System Operator - BA,natural gas extraction and processing - Permian,"market for transport, freight, lorry 7.5-16 metric ton, EURO6 | transport, freight, lorry 7.5-16 metric ton, EURO6 | Cutoff, U",246.88999915802438,0.0,0.09272580334619215,0.06113966741082586,0.06849747062945966,0.0,117.25230665146876,261.1202,0.5412759235278533,0.2632362954071192,1.770731805604124e-05,10.512869119513528
"Electricity; at user; consumption mix - PJM Interconnection, LLC - BA",natural gas extraction and processing - Gulf,"market for transport, freight, lorry 7.5-16 metric ton, EURO5 | transport, freight, lorry 7.5-16 metric ton, EURO5 | Cutoff, U",268.4032330851782,0.0,0.10857923347622603,0.0649371190811753,0.06211951211806747,0.0,114.89445404428955,282.0538,0.6153856337595612,0.28367523367100106,1.8577676582357717e-05,12.451930658030689
Electricity; at user; consumption mix - Seattle City Light - BA,natural gas extraction and processing - East Texas,"market for transport, freight, lorry 16-32 metric ton, EURO5 | transport, freight, lorry 16-32 metric ton, EURO5 | Cutoff, U",257.2291450967574,0.0,0.11698669943684575,0.06695768751057007,0.06109074853545377,0.0,97.36367679133764,262.6356,0.5686512777155383,0.2646591744598127,1.678870583299108e-05,11.545800224242
Electricity; at user; consumption mix - Florida Power & Light Co. - BA,natural gas extraction and processing - East Texas,"market for transport, freight, lorry 7.5-16 metric ton, EURO6 | transport, freight, lorry 7.5-16 metric ton, EURO6 | Cutoff, U",264.406468191822,0.0,0.10071094299316322,0.06392783232300096,0.07425783720018157,0.0,123.90563041969435,279.585,0.576093851469752,0.28015067033773644,1.883871226724607e-05,11.150187509548466
Electricity; at user; consumption mix - Southwest Power Pool - BA,natural gas extraction and processing - Anadarko,"market for transport, freight, lorry 7.5-16 metric ton, EURO6 | transport, freight, lorry 7.5-16 metric ton, EURO6 | Cutoff, U",283.6396215353622,0.0,0.12669902207542277,0.06098132842410158,0.07138672837373754,0.0,103.10931512393424,298.6836,0.6127874897704516,0.29669306427760356,1.9706481578822946e-05,11.806982929742539
Electricity; at user; consumption mix - Southwest Power Pool - BA,natural gas extraction and processing - Appalachian,"market for transport, freight, lorry 16-32 metric ton, EURO6 | transport, freight, lorry 16-32 metric ton, EURO6 | Cutoff, U",249.72697495604876,0.0,0.09174152090248308,0.07169614837868854,0.0616969011130175,0.0,101.12464736564928,258.4118,0.5337817577972331,0.25648292214498136,1.641591039414287e-05,10.379674740724937
"Electricity; at user; consumption mix - Electric Reliability Council of Texas, Inc. - BA",natural gas extraction and processing - Appalachian,"market for transport, freight, lorry 7.5-16 metric ton, EURO6 | transport, freight, lorry 7.5-16 metric ton, EURO6 | Cutoff, U",233.62280758328492,0.0,0.11967762910740966,0.07207964254874216,0.0727506889397865,0.0,107.19929602086111,254.5918,0.5343180536376324,0.2569501877337209,1.8250348375961718e-05,10.264152348524364
"Electricity; at user; consumption mix - PJM Interconnection, LLC - BA",natural gas extraction and processing - Appalachian,"market for transport, freight, lorry 7.5-16 metric ton, EURO6 | transport, freight, lorry 7.5-16 metric ton, EURO6 | Cutoff, U",222.78148749556118,0.0,0.11258125465721801,0.0628047521165424,0.06238512781913944,0.0,102.40662114970459,240.0846,0.5028632395399394,0.2431589696649176,1.6861470468247124e-05,9.64491941100109
Electricity; at user; consumption mix - New York Independent System Operator - BA,natural gas extraction and processing - South Oklahoma,"market for transport, freight, lorry 16-32 metric ton, EURO6 | transport, freight, lorry 16-32 metric ton, EURO6 | Cutoff, U",200.15951574675205,0.0,0.12520476061033772,0.06853599764282298,0.06356950110889324,0.0,114.73808549221908,212.8673,0.4510568023667556,0.2165195029481377,1.4852020773374555e-05,8.775003162950954
Electricity; at user; consumption mix - Southwest Power Pool - BA,natural gas extraction and processing - Appalachian,"market for transport, freight, lorry 16-32 metric ton, EURO5 | transport, freight, lorry 16-32 metric ton, EURO5 | Cutoff, U",250.7377966246903,0.0,0.10572324670982189,0.06863120003479581,0.0666828564752509,0.0,94.71810955189602,260.7411,0.5677674713432173,0.2603444054813299,1.6791987451522184e-05,11.496789021372024
Electricity; at user; consumption mix - Bonneville Power Administration - BA,natural gas extraction and processing - Anadarko,"market for transport, freight, lorry 7.5-16 metric ton, EURO6 | transport, freight, lorry 7.5-16 metric ton, EURO6 | Cutoff, U",221.72402755649804,0.0,0.09158581213524082,0.06482041733453142,0.06997667438176294,0.0,101.37111200526893,237.9886,0.49929460859890495,0.24315033760739585,1.702581656677483e-05,9.58672659015738
Electricity; at user; consumption mix - Salt River Project Agricultural Improvement and Power District - BA,natural gas extraction and processing - San Juan,"market for transport, freight, lorry 7.5-16 metric ton, EURO5 | transport, freight, lorry 7.5-16 metric ton, EURO5 | Cutoff, U",259.47943497075244,0.0,0.12167382525951223,0.06146509333012816,0.061971046730474634,0.0,107.82582699770097,273.5863,0.5973463476839713,0.27617734910265757,1.8262527301897078e-05,12.111905969856098
Electricity; at user; consumption mix - Tennessee Valley Authority - BA,natural gas extraction and processing - Strawn,"market for transport, freight, lorry 16-32 metric ton, EURO5 | transport, freight, lorry 16-32 metric ton, EURO5 | Cutoff, U",229.73045132886176,0.0,0.10798446217528083,0.06734950785090985,0.059982782645159084,0.0,105.69209242689242,239.6679,0.5258262545385185,0.24153620554932234,1.5726307705543288e-05,10.647975564822966
Electricity; at user; consumption mix - Tennessee Valley Authority - BA,natural gas extraction and processing - East Texas,"market for transport, freight, lorry 7.5-16 metric ton, EURO6 | transport, freight, lorry 7.5-16 metric ton, EURO6 | Cutoff, U",213.64506892378148,0.0,0.12613292886012864,0.06581507654075819,0.06874277935997186,0.0,117.7206655471679,234.0671,0.4932690554078042,0.23816325913678651,1.7113931081753686e-05,9.417868997007352
"Electricity; at user; consumption mix - PJM Interconnection, LLC - BA",natural gas extraction and processing - Appalachian,"market for transport, freight, lorry 16-32 metric ton, EURO5 | transport, freight, lorry 16-32 metric ton, EURO5 | Cutoff, U",229.91645032499778,0.0,0.13658424484601278,0.0744319823513389,0.07471931972835943,0.0,113.29725596320903,244.4746,0.5421503867072309,0.24652406855634465,1.6814059029000413e-05,11.006682503903045
Electricity; at user; consumption mix - Turlock Irrigation District - BA,natural gas extraction and processing - Appalachian,"market for transport, freight, lorry 16-32 metric ton, EURO6 | transport, freight, lorry 16-32 metric ton, EURO6 | Cutoff, U",243.76080948898084,0.0,0.11970907776749912,0.07443977906479528,0.06931892702085107,0.0,118.9966390352509,254.5012,0.5259819918289147,0.2541770664506274,1.679380697437781e-05,10.281918596559334
"Electricity; at user; consumption mix - PJM Interconnection, LLC - BA",natural gas extraction and processing - Appalachian,"market for transport, freight, lorry 16-32 metric ton, EURO5 | transport, freight, lorry 16-32 metric ton, EURO5 | Cutoff, U",214.32998761335966,0.0,0.10438335342611632,0.06679941485408475,0.055905150439670315,0.0,121.43424898521313,225.0514,0.4971604277559826,0.2278952946799046,1.4966512273490365e-05,10.06343904399552
Electricity; at user; consumption mix - Southwest Power Pool - BA,natural gas extraction and processing - East Texas,"market for transport, freight, lorry 7.5-16 metric ton, EURO6 | transport, freight, lorry 7.5-16 metric ton, EURO6 | Cutoff, U",204.86810257079577,0.0,0.11398043802358293,0.07203592445948823,0.05684354606958521,0.0,109.75327769410539,225.0238,0.476578742535556,0.2288810418258867,1.637322187597129e-05,9.1016913128006
Electricity; at user; consumption mix - El Paso Electric Company - BA,natural gas extraction and processing - East Texas,"market for transport, freight, lorry 7.5-16 metric ton, EURO5 | transport, freight, lorry 7.5-16 metric ton, EURO5 | Cutoff, U",238.06576171480575,0.0,0.12360822827951094,0.06658847575830353,0.06028024228072403,0.0,138.26017068001497,255.9122,0.5658527626399724,0.2591583949793905,1.7616671756856418e-05,11.516857466942778
Electricity; at user; consumption mix - LG&E and KU Services Company as agent for Louisville Gas and Electric Company and Kentucky Utilities Company - BA,natural gas extraction and processing - Anadarko,"market for transport, freight, lorry 16-32 metric ton, EURO6 | transport, freight, lorry 16-32 metric ton, EURO6 | Cutoff, U",248.44877398075806,0.0,0.11210157781153705,0.06790610220725515,0.06418603517911653,0.0,122.83469758861452,259.3492,0.5325796598428071,0.2561001624365812,1.6525039526768718e-05,10.36204907311721
Electricity; at user; consumption mix - Bonneville Power Administration - BA,natural gas extraction and processing - Appalachian,"market for transport, freight, lorry 16-32 metric ton, EURO6 | transport, freight, lorry 16-32 metric ton, EURO6 | Cutoff, U",240.97498927858896,0.0,0.10452632687545364,0.07626713548899068,0.060556716252581355,0.0,124.79959890350105,248.5977,0.5149027984334742,0.24995978074644512,1.6278750120972643e-05,10.023899374658226
Electricity; at user; consumption mix - ISO-NE - BA,natural gas extraction and processing - Gulf,"market for transport, freight, lorry 16-32 metric ton, EURO6 | transport, freight, lorry 16-32 metric ton, EURO6 | Cutoff, U",220.87946032232873,0.0,0.0910391604320304,0.07497369910411118,0.06950267926799812,0.0,102.00707747120286,232.7028,0.4873641518114167,0.23438752812434435,1.5776365722826788e-05,9.507449631170497
Electricity; at user; consumption mix - Public Service Company of Colorado - BA,natural gas extraction and processing - Gulf,"market for transport, freight, lorry 7.5-16 metric ton, EURO6 | transport, freight, lorry 7.5-16 metric ton, EURO6 | Cutoff, U",211.78396800880057,0.0,0.08769670829977425,0.07158402192678114,0.06706974581273235,0.0,108.94889512427628,232.0947,0.48925193956772106,0.23570077351666277,1.681216116264501e-05,9.414051678007162
"Electricity; at user; consumption mix - Midcontinent Independent System Operator, Inc. - BA",natural gas extraction and processing - Piceance,"market for transport, freight, lorry 16-32 metric ton, EURO5 | transport, freight, lorry 16-32 metric ton, EURO5 | Cutoff, U",222.1979421210588,0.0,0.11277281456764965,0.06890527047521021,0.06546653134053165,0.0,128.88283673836702,235.269,0.5216558842985921,0.23685637318538957,1.5808206814981646e-05,10.577446973085186
Electricity; at user; consumption mix - Avista Corporation - BA,natural gas extraction and processing - Anadarko,"market for transport, freight, lorry 7.5-16 metric ton, EURO6 | transport, freight, lorry 7.5-16 metric ton, EURO6 | Cutoff, U",189.7069655646458,0.0,0.12060618460449853,0.06702982612937099,0.06792670689333677,0.0,99.19277814384252,210.6602,0.4492103339306824,0.2177890948934225,1.6183083231740396e-05,8.572000122036464
"Electricity; at user; consumption mix - PJM Interconnection, LLC - BA",natural gas extraction and processing - Appalachian,"market for transport, freight, lorry 16-32 metric ton, EURO6 | transport, freight, lorry 16-32 metric ton, EURO6 | Cutoff, U",220.40241987563428,0.0,0.11408043215816645,0.0654661995488161,0.07001525189853217,0.0,114.31992990022046,232.5103,0.4860661883834751,0.23347883801557925,1.566415237369734e-05,9.41525697835777
"Electricity; at user; consumption mix - Associated Electric Cooperative, Inc. - BA",natural gas extraction and processing - Permian,"market for transport, freight, lorry 16-32 metric ton, EURO6 | transport, freight, lorry 16-32 metric ton, EURO6 | Cutoff, U",176.27959598283715,0.0,0.12225761475323363,0.0651728382298085,0.08026142200541696,0.0,82.86456910543606,195.4509,0.42519228820010485,0.1990263371975431,1.4576199988766066e-05,8.154725636164576
Electricity; at user; consumption mix - Southwest Power Pool - BA,natural gas extraction and processing - Anadarko,"market for transport, freight, lorry 16-32 metric ton, EURO6 | transport, freight, lorry 16-32 metric ton, EURO6 | Cutoff, U",227.8199480550663,0.0,0.09652577952731896,0.05994916359622641,0.06543778893317824,0.0,106.36170837680852,237.8346,0.49582435366942107,0.23756195932258029,1.544812891872854e-05,9.628004540499687
Electricity; at user; consumption mix - Los Angeles Department of Water and Power - BA,natural gas extraction and processing - Appalachian,"market for transport, freight, lorry 7.5-16 metric ton, EURO6 | transport, freight, lorry 7.5-16 metric ton, EURO6 | Cutoff, U",231.19743707109973,0.0,0.11154365254600654,0.0661928199273729,0.06843895481067125,0.0,104.06497647265911,249.6382,0.5201233772733161,0.25217457889929495,1.7604257217160253e-05,10.022186621160289
Electricity; at user; consumption mix - Southwest Power Pool - BA,natural gas extraction and processing - Appalachian,"market for transport, freight, lorry 7.5-16 metric ton, EURO5 | transport, freight, lorry 7.5-16 metric ton, EURO5 | Cutoff, U",225.2631465071554,0.0,0.1071886961407472,0.07972558549687761,0.06990641793493846,0.0,94.11576003846429,247.5506,0.5574441963668226,0.25246060890721833,1.8034284414970972e-05,11.25159116683915
"Electricity; at user; consumption mix - Electric Reliability Council of Texas, Inc. - BA",natural gas extraction and processing - Appalachian,"market for transport, freight, lorry 16-32 metric ton, EURO5 | transport, freight, lorry 16-32 metric ton, EURO5 | Cutoff, U",232.72740229964418,0.0,0.10759127362456632,0.0685502470957924,0.06047012344644601,0.0,104.40270445028979,243.2493,0.5353076271426197,0.24451739623555765,1.5887609063763774e-05,10.886843927948759
Electricity; at user; consumption mix - ISO-NE - BA,natural gas extraction and processing - San Juan,"market for transport, freight, lorry 16-32 metric ton, EURO6 | transport, freight, lorry 16-32 metric ton, EURO6 | Cutoff, U",280.1233200900295,0.0,0.0885269378335819,0.06843259039574841,0.07787346514929162,0.0,116.39468855474651,286.3881,0.5841275544990896,0.2834580918532209,1.791291569774463e-05,11.43042120946802
"Electricity; at user; consumption mix - PJM Interconnection, LLC - BA",natural gas extraction and processing - Arkla,"market for transport, freight, lorry 16-32 metric ton, EURO6 | transport, freight, lorry 16-32 metric ton, EURO6 | Cutoff, U",247.1475916242828,0.0,0.10792208814867212,0.07490183173127263,0.07214852808434973,0.0,117.18999967393306,258.1206,0.5337273691879741,0.2570186127922141,1.695595449998476e-05,10.356726602022531
Electricity; at user; consumption mix - California Independent System Operator - BA,natural gas extraction and processing - Arkla,"market for transport, freight, lorry 16-32 metric ton, EURO5 | transport, freight, lorry 16-32 metric ton, EURO5 | Cutoff, U",205.4813907249737,0.0,0.1336653928056336,0.06689753585259958,0.06718560284292244,0.0,103.39901949626912,219.0302,0.4907076062766762,0.22360399889649007,1.531511471344603e-05,10.04550050059844
"Electricity; at user; consumption mix - Midcontinent Independent System Operator, Inc. - BA",natural gas extraction and processing - San Juan,"market for transport, freight, lorry 7.5-16 metric ton, EURO5 | transport, freight, lorry 7.5-16 metric ton, EURO5 | Cutoff, U",231.83815506111486,0.0,0.11849566372147372,0.06318044223808017,0.06580584113973101,0.0,129.1355781476353,250.5793,0.5588943557019811,0.25423825495595875,1.750149723709282e-05,11.292606464127614
Electricity; at user; consumption mix - Public Service Company of New Mexico - BA,natural gas extraction and processing - Permian,"market for transport, freight, lorry 16-32 metric ton, EURO5 | transport, freight, lorry 16-32 metric ton, EURO5 | Cutoff, U",231.03628888948631,0.0,0.10711162075271034,0.07155378130953628,0.07783934342508407,0.0,121.47687659181688,246.2142,0.5411036200416237,0.24645890679376473,1.66592791391668e-05,11.045911410529605
Electricity; at user; consumption mix - JEA - BA,natural gas extraction and processing - Gulf,"market for transport, freight, lorry 16-32 metric ton, EURO6 | transport, freight, lorry 16-32 metric ton, EURO6 | Cutoff, U",149.1200008932024,0.0,0.09343494170024749,0.062358649719083586,0.06811956035226081,0.0,107.89629464170646,168.2012,0.3695699308814103,0.17344791190649966,1.2834161292706907e-05,7.150423521792941
Electricity; at user; consumption mix - Salt River Project Agricultural Improvement and Power District - BA,natural gas extraction and processing - Gulf,"market for transport, freight, lorry 7.5-16 metric ton, EURO6 | transport, freight, lorry 7.5-16 metric ton, EURO6 | Cutoff, U",240.86189785081604,0.0,0.11874591176138208,0.06130721350373071,0.06433395427695736,0.0,122.2120185645568,256.8063,0.5344735072479023,0.25885016913840975,1.763067113222911e-05,10.346874838839076
Electricity; at user; consumption mix - Salt River Project Agricultural Improvement and Power District - BA,natural gas extraction and processing - Appalachian,"market for transport, freight, lorry 16-32 metric ton, EURO5 | transport, freight, lorry 16-32 metric ton, EURO5 | Cutoff, U",250.643760016311,0.0,0.11988036118089439,0.07169313424525978,0.07210523099424619,0.0,119.73681261052948,261.4792,0.5703817177124884,0.2621950373406949,1.7207404633941563e-05,11.61820079299036
"Electricity; at user; consumption mix - Duke Energy Florida, Inc. - BA",natural gas extraction and processing - Anadarko,"market for transport, freight, lorry 16-32 metric ton, EURO5 | transport, freight, lorry 16-32 metric ton, EURO5 | Cutoff, U",248.40130619350802,0.0,0.10632278917737067,0.05963960058613314,0.06759311091477531,0.0,93.96624706363863,257.8529,0.5589624090421529,0.2572733369371664,1.640369005322032e-05,11.3744992929262
"Electricity; at user; consumption mix - Southern Company Services, Inc. - Trans - BA",natural gas extraction and processing - Uinta,"market for transport, freight, lorry 16-32 metric ton, EURO5 | transport, freight, lorry 16-32 metric ton, EURO5 | Cutoff, U",246.7508575889304,0.0,0.10057563540895248,0.0632800917341145,0.07326827452985345,0.0,91.64168674167878,256.9007,0.55901159354732,0.2571229630017044,1.6637347058955624e-05,11.375693603503763
"Electricity; at user; consumption mix - PJM Interconnection, LLC - BA",natural gas extraction and processing - Gulf,"market for transport, freight, lorry 16-32 metric ton, EURO5 | transport, freight, lorry 16-32 metric ton, EURO5 | Cutoff, U",221.45737941650094,0.0,0.13145374697892015,0.06873676029161459,0.06174452387274301,0.0,111.36237721939554,233.8531,0.5187984960215523,0.23626439460949336,1.575386456490593e-05,10.543145683180361
Electricity; at user; consumption mix - Los Angeles Department of Water and Power - BA,natural gas extraction and processing - East Texas,"market for transport, freight, lorry 16-32 metric ton, EURO5 | transport, freight, lorry 16-32 metric ton, EURO5 | Cutoff, U",192.5760622670931,0.0,0.11219320499465398,0.07942683270501508,0.06669295059640078,0.0,109.92975632738076,209.2055,0.4729674893192523,0.2139096421790648,1.5114416883824724e-05,9.649296201798835
Electricity; at user; consumption mix - Public Service Company of Colorado - BA,natural gas extraction and processing - Appalachian,"market for transport, freight, lorry 16-32 metric ton, EURO6 | transport, freight, lorry 16-32 metric ton, EURO6 | Cutoff, U",242.2685511088841,0.0,0.12647239025551027,0.06161904741127693,0.062395739970242885,0.0,103.1274543258675,251.5027,0.5187394029509484,0.25038631630105107,1.6153204894836093e-05,10.119409263437108
"Electricity; at user; consumption mix - Southern Company Services, Inc. - Trans - BA",natural gas extraction and processing - Gulf,"market for transport, freight, lorry 16-32 metric ton, EURO6 | transport, freight, lorry 16-32 metric ton, EURO6 | Cutoff, U",220.61661975236677,0.0,0.11331989237491336,0.0664403530559587,0.06375200482089083,0.0,89.32794042813586,232.3041,0.48613724696383565,0.23293689811245652,1.5453805236365192e-05,9.499793200062092
Electricity; at user; consumption mix - ISO-NE - BA,natural gas extraction and processing - Appalachian,"market for transport, freight, lorry 16-32 metric ton, EURO5 | transport, freight, lorry 16-32 metric ton, EURO5 | Cutoff, U",195.48041752681235,0.0,0.11589071142362196,0.06782541586053556,0.06490825250972238,0.0,96.87765180323282,209.1838,0.47026558576626,0.21440189778876428,1.4776128458428474e-05,9.57122444071546
"Electricity; at user; consumption mix - Midcontinent Independent System Operator, Inc. - BA",natural gas extraction and processing - Green River,"market for transport, freight, lorry 16-32 metric ton, EURO6 | transport, freight, lorry 16-32 metric ton, EURO6 | Cutoff, U",205.3365921249,0.0,0.10824413912536278,0.06126127656894606,0.07019560121142493,0.0,97.5136755995236,219.0193,0.462949296564273,0.2203862694905015,1.4986787156515905e-05,8.964196725127822
"Electricity; at user; consumption mix - PJM Interconnection, LLC - BA",natural gas extraction and processing - Appalachian,"market for transport, freight, lorry 7.5-16 metric ton, EURO5 | transport, freight, lorry 7.5-16 metric ton, EURO5 | Cutoff, U",234.92780995088026,0.0,0.09634516694813433,0.06156935044470109,0.06413715687846303,0.0,112.48462457377587,250.6242,0.554023635041052,0.25466015021915606,1.7163652388133422e-05,11.177438493398475
Electricity; at user; consumption mix - LG&E and KU Services Company as agent for Louisville Gas and Electric Company and Kentucky Utilities Company - BA,natural gas extraction and processing - Appalachian,"market for transport, freight, lorry 7.5-16 metric ton, EURO6 | transport, freight, lorry 7.5-16 metric ton, EURO6 | Cutoff, U",229.5367003020235,0.0,0.09672391324526701,0.07070776921433314,0.06455579824814141,0.0,102.18765873924443,249.3883,0.5181841200376335,0.2500734511826214,1.7395200305380066e-05,9.939809414182264
"Electricity; at user; consumption mix - Midcontinent Independent System Operator, Inc. - BA",natural gas extraction and processing - Appalachian,"market for transport, freight, lorry 7.5-16 metric ton, EURO6 | transport, freight, lorry 7.5-16 metric ton, EURO6 | Cutoff, U",268.597720872418,0.0,0.09966433449918637,0.06633564092741721,0.06630834349696628,0.0,112.27389623235295,283.4885,0.584913105062685,0.28238114340156933,1.8760602994861196e-05,11.284578303156708
"Electricity; at user; consumption mix - PJM Interconnection, LLC - BA",natural gas extraction and processing - Appalachian,"market for transport, freight, lorry 16-32 metric ton, EURO6 | transport, freight, lorry 16-32 metric ton, EURO6 | Cutoff, U",237.70947831852968,0.0,0.10510574676647932,0.0629435367853336,0.07419076805595103,0.0,102.45179258457715,248.1592,0.5146849821724292,0.2477866783684333,1.627483780220539e-05,9.990609743868403
Electricity; at user; consumption mix - Portland General Electric Company - BA,natural gas extraction and processing - Gulf,"market for transport, freight, lorry 16-32 metric ton, EURO5 | transport, freight, lorry 16-32 metric ton, EURO5 | Cutoff, U",171.54352296926618,0.0,0.11740299946477699,0.05873035661219924,0.06869774471650689,0.0,107.91113765384176,186.4202,0.4293422098996011,0.19390014169567032,1.3742414960011007e-05,8.776732523202037
"Electricity; at user; consumption mix - PJM Interconnection, LLC - BA",natural gas extraction and processing - Anadarko,"market for transport, freight, lorry 16-32 metric ton, EURO5 | transport, freight, lorry 16-32 metric ton, EURO5 | Cutoff, U",220.1271226877435,0.0,0.1308442972013758,0.06589164443733375,0.056524054037624775,0.0,101.53254521607317,231.2617,0.5103574732068847,0.23369001301619483,1.539759488789098e-05,10.338302326677884
Electricity; at user; consumption mix - New York Independent System Operator - BA,natural gas extraction and processing - Appalachian,"market for transport, freight, lorry 7.5-16 metric ton, EURO6 | transport, freight, lorry 7.5-16 metric ton, EURO6 | Cutoff, U",281.16468103584754,0.0,0.11881811009463109,0.06025536203857307,0.06420252804946908,0.0,102.2521028123212,292.3537,0.5987563764883562,0.2922401774268048,1.9046938186895065e-05,11.603549578019656
"Electricity; at user; consumption mix - Electric Reliability Council of Texas, Inc. - BA",natural gas extraction and processing - Green River,"market for transport, freight, lorry 16-32 metric ton, EURO6 | transport, freight, lorry 16-32 metric ton, EURO6 | Cutoff, U",264.95039373432485,0.0,0.11963905469645757,0.058159578279981035,0.07274888264754213,0.0,110.87064444900665,272.9824,0.5625364646658175,0.2702252288328694,1.7173502794781592e-05,11.00010363157183
"Electricity; at user; consumption mix - PJM Interconnection, LLC - BA",natural gas extraction and processing - Appalachian,"market for transport, freight, lorry 16-32 metric ton, EURO5 | transport, freight, lorry 16-32 metric ton, EURO5 | Cutoff, U",216.20566134871356,0.0,0.12334246494360676,0.0748146042197967,0.06541318184033325,0.0,98.50306943929603,230.0791,0.5121194189407775,0.2330275524982331,1.5843829339778432e-05,10.385998542272453
"Electricity; at user; consumption mix - Midcontinent Independent System Operator, Inc. - BA",natural gas extraction and processing - Gulf,"market for transport, freight, lorry 7.5-16 metric ton, EURO6 | transport, freight, lorry 7.5-16 metric ton, EURO6 | Cutoff, U",218.4674634929345,0.0,0.13799837705828602,0.06654696666062347,0.06493272416251995,0.0,117.18581208551586,239.5953,0.5069101544579537,0.24239256046919866,1.7305619433153507e-05,9.728554862003158
"Electricity; at user; consumption mix - Midcontinent Independent System Operator, Inc. - BA",natural gas extraction and processing - Appalachian,"market for transport, freight, lorry 7.5-16 metric ton, EURO5 | transport, freight, lorry 7.5-16 metric ton, EURO5 | Cutoff, U",233.75329652765907,0.0,0.10550223175214969,0.0601532120860903,0.06947026852515331,0.0,123.28232275410747,251.7892,0.5603417838449926,0.25534923301788043,1.7472316666865254e-05,11.31394425442967
Electricity; at user; consumption mix - Bonneville Power Administration - BA,natural gas extraction and processing - East Texas,"market for transport, freight, lorry 16-32 metric ton, EURO5 | transport, freight, lorry 16-32 metric ton, EURO5 | Cutoff, U",249.4519092213439,0.0,0.11825925247947174,0.07711434500016419,0.06896510015360974,0.0,126.56632974172214,258.7836,0.5662333217039335,0.26122806663670206,1.7187804169516364e-05,11.514825531092516
"Electricity; at user; consumption mix - Southern Company Services, Inc. - Trans - BA",natural gas extraction and processing - Appalachian,"market for transport, freight, lorry 7.5-16 metric ton, EURO6 | transport, freight, lorry 7.5-16 metric ton, EURO6 | Cutoff, U",262.63515292321426,0.0,0.0989162999379393,0.07195670539456833,0.06522727627919382,0.0,114.58433300767827,278.2184,0.5728633420880256,0.2781398578649711,1.867721060422534e-05,11.073086277106597
"Electricity; at user; consumption mix - PJM Interconnection, LLC - BA",natural gas extraction and processing - Arkoma,"market for transport, freight, lorry 7.5-16 metric ton, EURO6 | transport, freight, lorry 7.5-16 metric ton, EURO6 | Cutoff, U",192.684820155905,0.0,0.10477748180145946,0.06990974338429765,0.06820113979433902,0.0,94.75750655760945,214.8817,0.4578248527111654,0.22035821369209987,1.6267342317323656e-05,8.71590564891316
"Electricity; at user; consumption mix - Electric Reliability Council of Texas, Inc. - BA",natural gas extraction and processing - Anadarko,"market for transport, freight, lorry 16-32 metric ton, EURO6 | transport, freight, lorry 16-32 metric ton, EURO6 | Cutoff, U",298.0267050288389,0.0,0.11541966709196179,0.07157768769047754,0.06326033096261686,0.0,93.15873538871571,303.1569,0.6180649280050436,0.29780495784990946,1.839269854617282e-05,12.116948015020435
"Electricity; at user; consumption mix - Midcontinent Independent System Operator, Inc. - BA",natural gas extraction and processing - Gulf,"market for transport, freight, lorry 16-32 metric ton, EURO5 | transport, freight, lorry 16-32 metric ton, EURO5 | Cutoff, U",270.8042631438743,0.0,0.11771267355573461,0.06961543869662584,0.06584882154293892,0.0,107.24831000727386,279.8231,0.6066533260901251,0.2777150900856388,1.763720209792075e-05,12.332226868530853
Electricity; at user; consumption mix - Bonneville Power Administration - BA,natural gas extraction and processing - Appalachian,"market for transport, freight, lorry 7.5-16 metric ton, EURO5 | transport, freight, lorry 7.5-16 metric ton, EURO5 | Cutoff, U",241.8113483772669,0.0,0.11180129659116525,0.06077268593503155,0.06781489065780598,0.0,123.49069870725616,256.1333,0.5662065247186664,0.2618622930425768,1.7721815392346723e-05,11.454125988431691
Electricity; at user; consumption mix - New York Independent System Operator - BA,natural gas extraction and processing - Appalachian,"market for transport, freight, lorry 16-32 metric ton, EURO5 | transport, freight, lorry 16-32 metric ton, EURO5 | Cutoff, U",207.7154678214622,0.0,0.12064492832006914,0.06667769840621628,0.06233585030483667,0.0,118.98612009529624,219.4829,0.4894803158043334,0.22409779802777313,1.5085477867230865e-05,9.95672588981926
Electricity; at user; consumption mix - Portland General Electric Company - BA,natural gas extraction and processing - Permian,"market for transport, freight, lorry 16-32 metric ton, EURO6 | transport, freight, lorry 16-32 metric ton, EURO6 | Cutoff, U",230.25168179989862,0.0,0.10458170242065154,0.060122107966336547,0.05568969043050964,0.0,116.12303858938716,236.623,0.4916296018246547,0.23816042864617246,1.5167248228602985e-05,9.620667151623682
"Electricity; at user; consumption mix - Midcontinent Independent System Operator, Inc. - BA",natural gas extraction and processing - Arkla,"market for transport, freight, lorry 16-32 metric ton, EURO6 | transport, freight, lorry 16-32 metric ton, EURO6 | Cutoff, U",255.52938631666964,0.0,0.0989874882130791,0.06016558135863325,0.06393219983995989,0.0,99.1327852828717,262.9438,0.5426137631657432,0.2603838813001459,1.6395352240510954e-05,10.584102374743342
Electricity; at user; consumption mix - Florida Power & Light Co. - BA,natural gas extraction and processing - Appalachian,"market for transport, freight, lorry 16-32 metric ton, EURO6 | transport, freight, lorry 16-32 metric ton, EURO6 | Cutoff, U",240.79524022182156,0.0,0.09860506701891092,0.07300472827113119,0.06607550174039067,0.0,93.91167559208972,250.3497,0.5183639517764296,0.25022186264020574,1.6314360182324663e-05,10.129438964330829
Electricity; at user; consumption mix - Southwest Power Pool - BA,natural gas extraction and processing - Fort Worth,"market for transport, freight, lorry 16-32 metric ton, EURO5 | transport, freight, lorry 16-32 metric ton, EURO5 | Cutoff, U",207.69601471244374,0.0,0.10606877768542644,0.07508055061806684,0.07472148396172883,0.0,115.86596268969313,224.0133,0.5035612735278944,0.2270569451123307,1.58056264144292e-05,10.209997414282709
"Electricity; at user; consumption mix - PJM Interconnection, LLC - BA",natural gas extraction and processing - San Juan,"market for transport, freight, lorry 7.5-16 metric ton, EURO5 | transport, freight, lorry 7.5-16 metric ton, EURO5 | Cutoff, U",256.87696231147567,0.0,0.09800065172537394,0.05946030524567063,0.05876378142317376,0.0,111.66800025598266,269.249,0.5864260501509038,0.2713268749375024,1.762031396179438e-05,11.836456220006404
"Electricity; at user; consumption mix - Puget Sound Energy, Inc. - BA",natural gas extraction and processing - Appalachian,"market for transport, freight, lorry 7.5-16 metric ton, EURO5 | transport, freight, lorry 7.5-16 metric ton, EURO5 | Cutoff, U",261.71937593550325,0.0,0.11960261726268594,0.06529313341889953,0.07233396368777567,0.0,117.43969968355101,277.4858,0.6095602157497636,0.28124357461646177,1.896595218889492e-05,12.366999424316196
Electricity; at user; consumption mix - ISO-NE - BA,natural gas extraction and processing - Appalachian,"market for transport, freight, lorry 7.5-16 metric ton, EURO6 | transport, freight, lorry 7.5-16 metric ton, EURO6 | Cutoff, U",211.95635091671522,0.0,0.09605129656399325,0.06226948190514716,0.06369395575733501,0.0,119.192502121087,228.8627,0.48110232565942657,0.23350392835720263,1.6326415675526646e-05,9.25839614767698
Electricity; at user; consumption mix - NorthWestern Corporation - BA,natural gas extraction and processing - Permian,"market for transport, freight, lorry 16-32 metric ton, EURO5 | transport, freight, lorry 16-32 metric ton, EURO5 | Cutoff, U",229.5539830404143,0.0,0.10190341351944399,0.0625692695653616,0.064947043906514,0.0,95.26682428393212,240.5613,0.5267571798321872,0.24132886807248843,1.5743361566045467e-05,10.655967049148147
"Electricity; at user; consumption mix - PJM Interconnection, LLC - BA",natural gas extraction and processing - Appalachian,"market for transport, freight, lorry 16-32 metric ton, EURO5 | transport, freight, lorry 16-32 metric ton, EURO5 | Cutoff, U",248.96493583602094,0.0,0.11487386166408439,0.06956339921302586,0.060144673894523604,0.0,98.42567543126333,257.8801,0.5604775812718201,0.25819017542239053,1.655660922460655e-05,11.356611847642958
"Electricity; at user; consumption mix - Puget Sound Energy, Inc. - BA",natural gas extraction and processing - Appalachian,"market for transport, freight, lorry 16-32 metric ton, EURO5 | transport, freight, lorry 16-32 metric ton, EURO5 | Cutoff, U",230.93541401618947,0.0,0.12307036200472327,0.06174038579519418,0.07306275029134063,0.0,120.85118207240549,241.7292,0.532491453943663,0.24465309132704852,1.6199550356651083e-05,10.847820113328378
Electricity; at user; consumption mix - New York Independent System Operator - BA,natural gas extraction and processing - Appalachian,"market for transport, freight, lorry 7.5-16 metric ton, EURO6 | transport, freight, lorry 7.5-16 metric ton, EURO6 | Cutoff, U",262.9287076187111,0.0,0.10540969014260376,0.05675149673466663,0.06486622584969257,0.0,99.0332295401093,274.4904,0.5653291464386508,0.27563483939040956,1.807758108511481e-05,10.950012017580624
"Electricity; at user; consumption mix - Midcontinent Independent System Operator, Inc. - BA",natural gas extraction and processing - Strawn,"market for transport, freight, lorry 7.5-16 metric ton, EURO6 | transport, freight, lorry 7.5-16 metric ton, EURO6 | Cutoff, U",225.39804302142616,0.0,0.12824504825334238,0.06912595403518995,0.05973064357133877,0.0,128.47108053764933,244.7072,0.5141143588672794,0.24692932607602955,1.7313536682312403e-05,9.859080134066906
"Electricity; at user; consumption mix - PJM Interconnection, LLC - BA",natural gas extraction and processing - Strawn,"market for transport, freight, lorry 7.5-16 metric ton, EURO5 | transport, freight, lorry 7.5-16 metric ton, EURO5 | Cutoff, U",304.3184009417391,0.0,0.12641288814121232,0.06748347992407265,0.07259913813484911,0.0,101.6898658391945,318.394,0.687510908899485,0.31796741133994383,2.0790396733001756e-05,13.8985791226806
"Electricity; at user; consumption mix - PJM Interconnection, LLC - BA",natural gas extraction and processing - Arkla,"market for transport, freight, lorry 16-32 metric ton, EURO6 | transport, freight, lorry 16-32 metric ton, EURO6 | Cutoff, U",198.80783059894463,0.0,0.10252433998889106,0.0679449140042661,0.06320941685515445,0.0,117.47217078952278,211.8409,0.4476806393034936,0.2144594268777735,1.4623841816812732e-05,8.657291800742785
Electricity; at user; consumption mix - Southwest Power Pool - BA,natural gas extraction and processing - Appalachian,"market for transport, freight, lorry 16-32 metric ton, EURO6 | transport, freight, lorry 16-32 metric ton, EURO6 | Cutoff, U",272.8279670647965,0.0,0.10042319415145882,0.0641211097697804,0.07399865397672631,0.0,123.67458903175152,280.5557,0.5749773856417906,0.2768402077077343,1.753515362349534e-05,11.192965744373442
"Electricity; at user; consumption mix - Southern Company Services, Inc. - Trans - BA",natural gas extraction and processing - East Texas,"market for transport, freight, lorry 7.5-16 metric ton, EURO6 | transport, freight, lorry 7.5-16 metric ton, EURO6 | Cutoff, U",244.36739456624974,0.0,0.10124042902105908,0.06889060083965948,0.06260438161231262,0.0,111.05183661519553,260.6536,0.5401490469438743,0.26185526467857795,1.7785741754599447e-05,10.43018461299593
Electricity; at user; consumption mix - Duke Energy Carolinas - BA,natural gas extraction and processing - Anadarko,"market for transport, freight, lorry 7.5-16 metric ton, EURO5 | transport, freight, lorry 7.5-16 metric ton, EURO5 | Cutoff, U",238.19165922719128,0.0,0.13572476225240812,0.05876622481415536,0.06473351955625796,0.0,102.08450128826908,254.2898,0.5626154286701399,0.259158284538431,1.7648574396155925e-05,11.38175696164513
Electricity; at user; consumption mix - Southwest Power Pool - BA,natural gas extraction and processing - Gulf,"market for transport, freight, lorry 16-32 metric ton, EURO6 | transport, freight, lorry 16-32 metric ton, EURO6 | Cutoff, U",286.38616681603344,0.0,0.10487139652215761,0.06126575231644079,0.06424676760790578,0.0,109.5289543283401,291.235,0.595178832289585,0.2863948718466984,1.758949728622613e-05,11.648111249009835
"Electricity; at user; consumption mix - Electric Reliability Council of Texas, Inc. - BA",natural gas extraction and processing - Strawn,"market for transport, freight, lorry 16-32 metric ton, EURO5 | transport, freight, lorry 16-32 metric ton, EURO5 | Cutoff, U",223.87689394400977,0.0,0.110712460078369,0.0710611574027258,0.06712027110709534,0.0,108.31596292187821,236.7728,0.5259220011378437,0.23882245142863656,1.5948758203465497e-05,10.706013676732088
Electricity; at user; consumption mix - New York Independent System Operator - BA,natural gas extraction and processing - South Oklahoma,"market for transport, freight, lorry 16-32 metric ton, EURO5 | transport, freight, lorry 16-32 metric ton, EURO5 | Cutoff, U",187.1829848986054,0.0,0.1208975180991235,0.058420681432589994,0.06550131331165979,0.0,121.26823044602637,200.3287,0.45398894407358154,0.20642023210821367,1.4191907969577916e-05,9.252809094973422
Electricity; at user; consumption mix - Florida Municipal Power Pool - BA,natural gas extraction and processing - Uinta,"market for transport, freight, lorry 7.5-16 metric ton, EURO5 | transport, freight, lorry 7.5-16 metric ton, EURO5 | Cutoff, U",239.53464579525553,0.0,0.1123713092944355,0.06750965002222654,0.06698325402659172,0.0,110.53196151707566,258.155,0.5706506884516013,0.2614007182337988,1.7917734945196384e-05,11.564482437761693
Electricity; at user; consumption mix - Duke Energy Carolinas - BA,natural gas extraction and processing - Appalachian,"market for transport, freight, lorry 16-32 metric ton, EURO5 | transport, freight, lorry 16-32 metric ton, EURO5 | Cutoff, U",276.36297418386397,0.0,0.11988543549707571,0.06469573488851112,0.07213087468513764,0.0,104.6626130774161,283.229,0.6090438325158909,0.2824564053471154,1.788637088598681e-05,12.374727232639636
Electricity; at user; consumption mix - Florida Power & Light Co. - BA,natural gas extraction and processing - Permian,"market for transport, freight, lorry 7.5-16 metric ton, EURO6 | transport, freight, lorry 7.5-16 metric ton, EURO6 | Cutoff, U",145.28936783204233,0.0,0.11736943077238862,0.0658161248008059,0.057450413031476535,0.0,119.18430226030341,168.7184,0.37169305915113177,0.1780718691248313,1.3899556859979354e-05,7.0796010843826425
"Electricity; at user; consumption mix - Midcontinent Independent System Operator, Inc. - BA",natural gas extraction and processing - Anadarko,"market for transport, freight, lorry 7.5-16 metric ton, EURO6 | transport, freight, lorry 7.5-16 metric ton, EURO6 | Cutoff, U",219.51806022898037,0.0,0.1118958841061268,0.0626363116941838,0.06529935215208715,0.0,110.57798577592074,238.6034,0.5026072303947745,0.24117420107305107,1.691093136610911e-05,9.639698685948577
"Electricity; at user; consumption mix - PJM Interconnection, LLC - BA",natural gas extraction and processing - Anadarko,"market for transport, freight, lorry 7.5-16 metric ton, EURO5 | transport, freight, lorry 7.5-16 metric ton, EURO5 | Cutoff, U",120.7000397694626,0.0,0.0935751773315733,0.06960121727879501,0.06517162304990377,0.0,123.57362887081828,148.5604,0.36733808649422267,0.16131337881643243,1.3426790964071644e-05,7.400730776062318
"Electricity; at user; consumption mix - PJM Interconnection, LLC - BA",natural gas extraction and processing - Anadarko,"market for transport, freight, lorry 7.5-16 metric ton, EURO6 | transport, freight, lorry 7.5-16 metric ton, EURO6 | Cutoff, U",230.76235511015392,0.0,0.102801180126788,0.07231955675864501,0.059698004322455304,0.0,129.32344351395147,248.0712,0.5179960121754124,0.25055796537048247,1.7315409096681298e-05,9.941034019240407
Electricity; at user; consumption mix - Duke Energy Carolinas - BA,natural gas extraction and processing - Strawn,"market for transport, freight, lorry 7.5-16 metric ton, EURO6 | transport, freight, lorry 7.5-16 metric ton, EURO6 | Cutoff, U",236.46316486910982,0.0,0.09767548836791368,0.0662691260298021,0.06543128801590631,0.0,125.4187353500414,252.1174,0.5242560033808032,0.2550647998538115,1.7474857076164193e-05,10.090524151935941
"Electricity; at user; consumption mix - PJM Interconnection, LLC - BA",natural gas extraction and processing - Green River,"market for transport, freight, lorry 7.5-16 metric ton, EURO5 | transport, freight, lorry 7.5-16 metric ton, EURO5 | Cutoff, U",259.9001998021881,0.0,0.11180076747604761,0.06397617982290542,0.07081828360825704,0.0,121.3913931211918,275.9735,0.6053510134941552,0.27853943908343487,1.8696349530229184e-05,12.22570333170439
"Electricity; at user; consumption mix - Midcontinent Independent System Operator, Inc. - BA",natural gas extraction and processing - Arkla,"market for transport, freight, lorry 16-32 metric ton, EURO5 | transport, freight, lorry 16-32 metric ton, EURO5 | Cutoff, U",263.90792483576644,0.0,0.10362645915629942,0.06542136196085364,0.06522428617487848,0.0,99.20405613565602,272.1116,0.5885697398542411,0.2704756062659549,1.707364028697557e-05,11.929891218262188
Electricity; at user; consumption mix - New York Independent System Operator - BA,natural gas extraction and processing - Appalachian,"market for transport, freight, lorry 16-32 metric ton, EURO5 | transport, freight, lorry 16-32 metric ton, EURO5 | Cutoff, U",228.0131991588696,0.0,0.11705553414606093,0.06561866151091651,0.06704185110696936,0.0,117.62729149259377,238.3604,0.5253292938498797,0.24147956921500285,1.5932586259328253e-05,10.687602304460944
Electricity; at user; consumption mix - Florida Power & Light Co. - BA,natural gas extraction and processing - Appalachian,"market for transport, freight, lorry 16-32 metric ton, EURO6 | transport, freight, lorry 16-32 metric ton, EURO6 | Cutoff, U",208.70105035264086,0.0,0.09692849696611315,0.06742914330821301,0.0602061291465639,0.0,143.2502928422982,219.6177,0.4612218342220158,0.22195016267176487,1.4763116808378585e-05,8.99977542399603
Electricity; at user; consumption mix - Los Angeles Department of Water and Power - BA,natural gas extraction and processing - San Juan,"market for transport, freight, lorry 7.5-16 metric ton, EURO6 | transport, freight, lorry 7.5-16 metric ton, EURO6 | Cutoff, U",240.63220006418388,0.0,0.0956423931317153,0.06178696784932346,0.07042324912374291,0.0,113.07740377634624,257.159,0.5333850868822305,0.25877218618416686,1.7670100211341675e-05,10.31064017791074
Electricity; at user; consumption mix - Southwest Power Pool - BA,natural gas extraction and processing - Arkla,"market for transport, freight, lorry 16-32 metric ton, EURO6 | transport, freight, lorry 16-32 metric ton, EURO6 | Cutoff, U",257.17702936115234,0.0,0.12423212508430027,0.06311264326279324,0.07172129418421531,0.0,105.90094903139668,266.8917,0.5502912048173363,0.26438759266529827,1.7103257245516845e-05,10.691116661620887
Electricity; at user; consumption mix - Southwest Power Pool - BA,natural gas extraction and processing - Appalachian,"market for transport, freight, lorry 16-32 metric ton, EURO6 | transport, freight, lorry 16-32 metric ton, EURO6 | Cutoff, U",211.6801795922662,0.0,0.11819080765644856,0.06127378513339115,0.06805644086377917,0.0,131.84376922759662,224.5511,0.4721379585595537,0.2255904224530565,1.520838850710954e-05,9.13402952548707
"Electricity; at user; consumption mix - Electric Reliability Council of Texas, Inc. - BA",natural gas extraction and processing - Green River,"market for transport, freight, lorry 16-32 metric ton, EURO5 | transport, freight, lorry 16-32 metric ton, EURO5 | Cutoff, U",233.90610628652198,0.0,0.10680593931481382,0.06486411263038763,0.06473693809867336,0.0,113.24495981891778,244.4549,0.537739579282377,0.24563029536801018,1.596462430526228e-05,10.936778140804165
"Electricity; at user; consumption mix - Electric Reliability Council of Texas, Inc. - BA",natural gas extraction and processing - Appalachian,"market for transport, freight, lorry 16-32 metric ton, EURO6 | transport, freight, lorry 16-32 metric ton, EURO6 | Cutoff, U",207.36144848792102,0.0,0.13106248213733804,0.05901788820854039,0.06437201614437005,0.0,103.225206952595,219.9299,0.4649358616025621,0.22164814464543237,1.4904943955273095e-05,9.048128130190419
"Electricity; at user; consumption mix - Midcontinent Independent System Operator, Inc. - BA",natural gas extraction and processing - Uinta,"market for transport, freight, lorry 16-32 metric ton, EURO5 | transport, freight, lorry 16-32 metric ton, EURO5 | Cutoff, U",228.4196774857812,0.0,0.10612785353302842,0.07147820892873269,0.06172745080607218,0.0,107.47457645515827,240.3981,0.53034710405972,0.24148684072774032,1.591020781281588e-05,10.750698262316222
"Electricity; at user; consumption mix - PJM Interconnection, LLC - BA",natural gas extraction and processing - Permian,"market for transport, freight, lorry 7.5-16 metric ton, EURO5 | transport, freight, lorry 7.5-16 metric ton, EURO5 | Cutoff, U",242.1248008809294,0.0,0.08922652538651135,0.057513987122952324,0.060516129827144376,0.0,109.02684937627821,255.2965,0.5597448715223493,0.25850689038781194,1.6984928195013697e-05,11.286508895733094
Electricity; at user; consumption mix - Tennessee Valley Authority - BA,natural gas extraction and processing - Anadarko,"market for transport, freight, lorry 7.5-16 metric ton, EURO6 | transport, freight, lorry 7.5-16 metric ton, EURO6 | Cutoff, U",268.7950051849227,0.0,0.09140244189503013,0.06906135594271685,0.0721828519850178,0.0,135.45301247426337,283.8275,0.5843535492711299,0.28369772954646494,1.9023159263112424e-05,11.250284707271144
Electricity; at user; consumption mix - Tennessee Valley Authority - BA,natural gas extraction and processing - San Juan,"market for transport, freight, lorry 16-32 metric ton, EURO6 | transport, freight, lorry 16-32 metric ton, EURO6 | Cutoff, U",216.50671094039018,0.0,0.108421879833522,0.07034716186262703,0.07083908011463066,0.0,106.93196967020519,229.5192,0.481167504984984,0.23083265318276905,1.5674945703022124e-05,9.313402037237065
"Electricity; at user; consumption mix - Midcontinent Independent System Operator, Inc. - BA",natural gas extraction and processing - Appalachian,"market for transport, freight, lorry 7.5-16 metric ton, EURO5 | transport, freight, lorry 7.5-16 metric ton, EURO5 | Cutoff, U",241.30117717312027,0.0,0.12000979438557206,0.0669678242072809,0.07014800384403523,0.0,122.64005252871019,260.7769,0.580472081266892,0.26409240546731705,1.8247132066038593e-05,11.728531394780154
"Electricity; at user; consumption mix - Southern Company Services, Inc. - Trans - BA",natural gas extraction and processing - East Texas,"market for transport, freight, lorry 16-32 metric ton, EURO6 | transport, freight, lorry 16-32 metric ton, EURO6 | Cutoff, U",243.7383851067513,0.0,0.10417512957085999,0.05815400590828289,0.06379623304817955,0.0,108.3498522178844,251.6141,0.5190023452820554,0.25046374501037677,1.5915240432211293e-05,10.150731563861974
"Electricity; at user; consumption mix - Southern Company Services, Inc. - Trans - BA",natural gas extraction and processing - Gulf,"market for transport, freight, lorry 7.5-16 metric ton, EURO5 | transport, freight, lorry 7.5-16 metric ton, EURO5 | Cutoff, U",236.45234071176338,0.0,0.12663729814197533,0.0755610341231471,0.05908899474675792,0.0,111.62846859209662,255.4916,0.5688057821161439,0.25955286901423635,1.7922811237207637e-05,11.559042697505323
"Electricity; at user; consumption mix - Duke Energy Florida, Inc. - BA",natural gas extraction and processing - Permian,"market for transport, freight, lorry 16-32 metric ton, EURO5 | transport, freight, lorry 16-32 metric ton, EURO5 | Cutoff, U",203.7470991997253,0.0,0.10927143405506239,0.06188069007906187,0.07086283970774329,0.0,110.29867247226838,218.3186,0.4872940081423017,0.22127557860617328,1.5050327087431231e-05,9.921466287415232
Electricity; at user; consumption mix - Tampa Electric Company - BA,natural gas extraction and processing - Permian,"market for transport, freight, lorry 16-32 metric ton, EURO5 | transport, freight, lorry 16-32 metric ton, EURO5 | Cutoff, U",228.88730905043758,0.0,0.1161541221065444,0.07136933799906404,0.0661867263768733,0.0,108.4480960339735,242.0688,0.5333875252078398,0.24300827199799457,1.6148865377064328e-05,10.841785824835306
"Electricity; at user; consumption mix - Midcontinent Independent System Operator, Inc. - BA",natural gas extraction and processing - Appalachian,"market for transport, freight, lorry 16-32 metric ton, EURO6 | transport, freight, lorry 16-32 metric ton, EURO6 | Cutoff, U",230.48503019918653,0.0,0.10806965131082222,0.06208040670994955,0.0717375966206775,0.0,115.16701470822643,242.1446,0.5055222700932053,0.24156776569507327,1.5963923925270146e-05,9.816110807815907
"Electricity; at user; consumption mix - Midcontinent Independent System Operator, Inc. - BA",natural gas extraction and processing - Appalachian,"market for transport, freight, lorry 16-32 metric ton, EURO5 | transport, freight, lorry 16-32 metric ton, EURO5 | Cutoff, U",228.1291753928551,0.0,0.10077553540665493,0.07055576505473243,0.06840789400789313,0.0,110.43166103376875,240.8603,0.5325500157323456,0.24207047935355203,1.6082797718049023e-05,10.799535024367472
Electricity; at user; consumption mix - New York Independent System Operator - BA,natural gas extraction and processing - Green River,"market for transport, freight, lorry 7.5-16 metric ton, EURO6 | transport, freight, lorry 7.5-16 metric ton, EURO6 | Cutoff, U",240.71758646834706,0.0,0.11298426567883887,0.06290430208044852,0.06164444926333127,0.0,135.28003011014493,255.1183,0.5302380954937034,0.2579857993094798,1.7462657597906924e-05,10.23491863669671
"Electricity; at user; consumption mix - Associated Electric Cooperative, Inc. - BA",natural gas extraction and processing - Appalachian,"market for transport, freight, lorry 7.5-16 metric ton, EURO6 | transport, freight, lorry 7.5-16 metric ton, EURO6 | Cutoff, U",237.22114383759913,0.0,0.1092126657387919,0.06011202324040753,0.07183510095472243,0.0,114.91102202660419,255.6922,0.5383063318592142,0.2569334222363073,1.774872277967925e-05,10.322779689116727
"Electricity; at user; consumption mix - Midcontinent Independent System Operator, Inc. - BA",natural gas extraction and processing - Appalachian,"market for transport, freight, lorry 7.5-16 metric ton, EURO5 | transport, freight, lorry 7.5-16 metric ton, EURO5 | Cutoff, U",198.80926826224436,0.0,0.10890158129105679,0.07586600815661228,0.06210013791008864,0.0,118.1619866453556,221.4211,0.5061671794036359,0.22781121187183828,1.6537405287324183e-05,10.220175044492912
"Electricity; at user; consumption mix - PJM Interconnection, LLC - BA",natural gas extraction and processing - Gulf,"market for transport, freight, lorry 7.5-16 metric ton, EURO6 | transport, freight, lorry 7.5-16 metric ton, EURO6 | Cutoff, U",311.48393911151777,0.0,0.09695010971314935,0.06903188486178408,0.06230857358485489,0.0,95.1645111403974,321.1402,0.6530945905064933,0.31746142909301983,2.0145423128140887e-05,12.682177628022266
Electricity; at user; consumption mix - Duke Energy Progress East - BA,natural gas extraction and processing - Appalachian,"market for transport, freight, lorry 16-32 metric ton, EURO6 | transport, freight, lorry 16-32 metric ton, EURO6 | Cutoff, U",263.1882664402035,0.0,0.10974279580883277,0.05922733724080072,0.07180543789158991,0.0,99.5008252102364,269.8438,0.553717445461304,0.26813135807438676,1.70085547456317e-05,10.805599790850009
"Electricity; at user; consumption mix - Midcontinent Independent System Operator, Inc. - BA",natural gas extraction and processing - Appalachian,"market for transport, freight, lorry 16-32 metric ton, EURO6 | transport, freight, lorry 16-32 metric ton, EURO6 | Cutoff, U",192.3897762547383,0.0,0.12149284839269818,0.06268291298687347,0.06086861849936739,0.0,106.47843466550052,206.4292,0.4394720856260812,0.20881027596572505,1.4314695161123729e-05,8.502896186934695
"Electricity; at user; consumption mix - Electric Reliability Council of Texas, Inc. - BA",natural gas extraction and processing - Appalachian,"market for transport, freight, lorry 16-32 metric ton, EURO5 | transport, freight, lorry 16-32 metric ton, EURO5 | Cutoff, U",227.0788218326,0.0,0.1078474846339536,0.061598365702939126,0.06760008526768878,0.0,138.49357287145693,238.326,0.5265030909515435,0.2400404496487254,1.5733537819409762e-05,10.709137982358696
Electricity; at user; consumption mix - Imperial Irrigation District - BA,natural gas extraction and processing - Permian,"market for transport, freight, lorry 16-32 metric ton, EURO6 | transport, freight, lorry 16-32 metric ton, EURO6 | Cutoff, U",245.13278099712508,0.0,0.12382883625689103,0.06384540817483708,0.06856240222159649,0.0,111.12771436887179,253.6227,0.522971859405188,0.25369900647322857,1.649380477310811e-05,10.185192491117114
Electricity; at user; consumption mix - ISO-NE - BA,natural gas extraction and processing - Permian,"market for transport, freight, lorry 16-32 metric ton, EURO6 | transport, freight, lorry 16-32 metric ton, EURO6 | Cutoff, U",228.1731183693716,0.0,0.10444458433351506,0.0657846612406306,0.0652202567995076,0.0,100.18476145813331,237.6699,0.49407374994387676,0.23882207765853672,1.5677315516256326e-05,9.63025738762141
Electricity; at user; consumption mix - JEA - BA,natural gas extraction and processing - Appalachian,"market for transport, freight, lorry 16-32 metric ton, EURO6 | transport, freight, lorry 16-32 metric ton, EURO6 | Cutoff, U",192.7966887814256,0.0,0.10501463733946237,0.05812846432158207,0.06192738493765806,0.0,107.71794305150456,206.2954,0.4369234151308232,0.20816267372470343,1.4063686790796713e-05,8.492141362674591
Electricity; at user; consumption mix - California Independent System Operator - BA,natural gas extraction and processing - Green River,"market for transport, freight, lorry 16-32 metric ton, EURO5 | transport, freight, lorry 16-32 metric ton, EURO5 | Cutoff, U",177.66230893593502,0.0,0.11695217149526528,0.0716858676143823,0.06299501357368574,0.0,118.26168330823613,193.2486,0.44182801891793083,0.1998840534255679,1.417874766998326e-05,9.04804014811647
"Electricity; at user; consumption mix - PJM Interconnection, LLC - BA",natural gas extraction and processing - Gulf,"market for transport, freight, lorry 7.5-16 metric ton, EURO6 | transport, freight, lorry 7.5-16 metric ton, EURO6 | Cutoff, U",223.53663221547953,0.0,0.10611693037951186,0.06402943812494452,0.06838773113697505,0.0,96.47116900919669,242.0937,0.5087956181084303,0.24515863849282096,1.7164907531042463e-05,9.777048707137036
"Electricity; at user; consumption mix - PJM Interconnection, LLC - BA",natural gas extraction and processing - Anadarko,"market for transport, freight, lorry 7.5-16 metric ton, EURO6 | transport, freight, lorry 7.5-16 metric ton, EURO6 | Cutoff, U",283.3577561113844,0.0,0.11601088805622567,0.06974774328601233,0.0647898831294352,0.0,105.44776218397115,297.2731,0.6088766246852879,0.29589172746336095,1.9554382943743938e-05,11.74486835438639
Electricity; at user; consumption mix - Bonneville Power Administration - BA,natural gas extraction and processing - Fort Worth,"market for transport, freight, lorry 7.5-16 metric ton, EURO5 | transport, freight, lorry 7.5-16 metric ton, EURO5 | Cutoff, U",143.82615034360663,0.0,0.10609255318129518,0.06277204561141642,0.06093583921483759,0.0,104.04770136983146,165.7576,0.39605396499846,0.1784059419882943,1.3823452164279471e-05,8.002225634629578
"Electricity; at user; consumption mix - Midcontinent Independent System Operator, Inc. - BA",natural gas extraction and processing - Appalachian,"market for transport, freight, lorry 16-32 metric ton, EURO6 | transport, freight, lorry 16-32 metric ton, EURO6 | Cutoff, U",240.09076082873634,0.0,0.09669967585847893,0.06349358717077963,0.06280356467808736,0.0,106.4648177046294,249.1791,0.5174907652479943,0.24783705948229365,1.5899536901375506e-05,10.076373450376806
Electricity; at user; consumption mix - Bonneville Power Administration - BA,natural gas extraction and processing - South Oklahoma,"market for transport, freight, lorry 7.5-16 metric ton, EURO6 | transport, freight, lorry 7.5-16 metric ton, EURO6 | Cutoff, U",235.97249213163946,0.0,0.10084976148076767,0.0671615811411358,0.07354323939650277,0.0,105.68175073452562,252.5687,0.527876310492693,0.25682066045118085,1.7919825129690396e-05,10.158069356494401
"Electricity; at user; consumption mix - PJM Interconnection, LLC - BA",natural gas extraction and processing - Arkla,"market for transport, freight, lorry 7.5-16 metric ton, EURO6 | transport, freight, lorry 7.5-16 metric ton, EURO6 | Cutoff, U",172.38801595106824,0.0,0.10930776464330463,0.07262838055990917,0.06126174712348594,0.0,107.05640510748714,195.5818,0.42210088726922856,0.20257571921009274,1.534097278364686e-05,8.008560041758738
Electricity; at user; consumption mix - Duke Energy Progress East - BA,natural gas extraction and processing - Appalachian,"market for transport, freight, lorry 16-32 metric ton, EURO5 | transport, freight, lorry 16-32 metric ton, EURO5 | Cutoff, U",273.54881326081204,0.0,0.1025593548025887,0.061011311524392375,0.06342754637103752,0.0,111.90676681521782,278.2728,0.596000513117569,0.277263019215899,1.7142329612977347e-05,12.093109863889032
"Electricity; at user; consumption mix - Southern Company Services, Inc. - Trans - BA",natural gas extraction and processing - Appalachian,"market for transport, freight, lorry 16-32 metric ton, EURO6 | transport, freight, lorry 16-32 metric ton, EURO6 | Cutoff, U",242.14371985239896,0.0,0.1139297388509549,0.06765508404884972,0.07071972112849051,0.0,102.48683871478445,252.9432,0.5229827217055032,0.25196926280347287,1.653643711917657e-05,10.196958571334267
Electricity; at user; consumption mix - California Independent System Operator - BA,natural gas extraction and processing - San Juan,"market for transport, freight, lorry 16-32 metric ton, EURO5 | transport, freight, lorry 16-32 metric ton, EURO5 | Cutoff, U",211.26213495331666,0.0,0.11979036702008218,0.056769019373993285,0.06690618846561701,0.0,137.4079700218379,222.456,0.49388710956332427,0.226353502479674,1.5053291278272843e-05,10.105906688844412
Electricity; at user; consumption mix - California Independent System Operator - BA,natural gas extraction and processing - Appalachian,"market for transport, freight, lorry 7.5-16 metric ton, EURO5 | transport, freight, lorry 7.5-16 metric ton, EURO5 | Cutoff, U",230.66560390205512,0.0,0.11495765295364913,0.06382938186331434,0.06178153701698889,0.0,107.12047882545063,246.7264,0.5479862808343717,0.2520748649742889,1.717842548193279e-05,11.155760015008278
"Electricity; at user; consumption mix - Midcontinent Independent System Operator, Inc. - BA",natural gas extraction and processing - Appalachian,"market for transport, freight, lorry 16-32 metric ton, EURO6 | transport, freight, lorry 16-32 metric ton, EURO6 | Cutoff, U",210.11332499413555,0.0,0.10315424065331467,0.0670165181088673,0.06750100696461023,0.0,129.45926113372002,223.5399,0.4713765376748364,0.22454960428958462,1.5202411050811879e-05,9.131629921157035
Electricity; at user; consumption mix - Nevada Power Company - BA,natural gas extraction and processing - Appalachian,"market for transport, freight, lorry 16-32 metric ton, EURO5 | transport, freight, lorry 16-32 metric ton, EURO5 | Cutoff, U",269.75850471830404,0.0,0.10057069841289257,0.06600828621388331,0.07953916176301354,0.0,98.33697117477877,278.6167,0.6015829369924062,0.27763275992941905,1.7761893692768106e-05,12.339291649610965
Electricity; at user; consumption mix - Southwest Power Pool - BA,natural gas extraction and processing - San Juan,"market for transport, freight, lorry 16-32 metric ton, EURO5 | transport, freight, lorry 16-32 metric ton, EURO5 | Cutoff, U",183.87971281106928,0.0,0.10412051194734027,0.0665587429542815,0.0725795645943107,0.0,129.85041623964997,200.952,0.4581922108234365,0.2056242939446696,1.4572496505670688e-05,9.284319813371251
"Electricity; at user; consumption mix - Midcontinent Independent System Operator, Inc. - BA",natural gas extraction and processing - Arkla,"market for transport, freight, lorry 7.5-16 metric ton, EURO6 | transport, freight, lorry 7.5-16 metric ton, EURO6 | Cutoff, U",239.1141735296161,0.0,0.10689044612142251,0.0748974850578028,0.06447674868121639,0.0,110.7425064893271,258.2109,0.5394551263545507,0.25947217867367994,1.8054095516107363e-05,10.352894784647242
"Electricity; at user; consumption mix - Midcontinent Independent System Operator, Inc. - BA",natural gas extraction and processing - Appalachian,"market for transport, freight, lorry 16-32 metric ton, EURO5 | transport, freight, lorry 16-32 metric ton, EURO5 | Cutoff, U",233.4509671274657,0.0,0.09883257516276109,0.07043636755330497,0.06388545920601232,0.0,126.59069734962324,244.8513,0.5385438215927301,0.24559103940183125,1.6070093649397926e-05,10.916424798148842
"Electricity; at user; consumption mix - Midcontinent Independent System Operator, Inc. - BA",natural gas extraction and processing - Green River,"market for transport, freight, lorry 16-32 metric ton, EURO6 | transport, freight, lorry 16-32 metric ton, EURO6 | Cutoff, U",254.13602868815474,0.0,0.11980457334564973,0.07182719507020988,0.0596915932872184,0.0,121.72700707134018,263.4569,0.5444365619452257,0.2610219685021518,1.6779473082158154e-05,10.59919221933344
Electricity; at user; consumption mix - Public Service Company of New Mexico - BA,natural gas extraction and processing - Green River,"market for transport, freight, lorry 7.5-16 metric ton, EURO6 | transport, freight, lorry 7.5-16 metric ton, EURO6 | Cutoff, U",210.86029049171248,0.0,0.11584187583292718,0.06015027759303509,0.06445288325974721,0.0,102.29812665358793,231.0329,0.48373610876488865,0.2333890045589173,1.649631849980849e-05,9.326842115443604
Electricity; at user; consumption mix - Balancing Authority of Northern California - BA,natural gas extraction and processing - Appalachian,"market for transport, freight, lorry 16-32 metric ton, EURO5 | transport, freight, lorry 16-32 metric ton, EURO5 | Cutoff, U",219.61315552577713,0.0,0.11207512257059504,0.06294427364074906,0.07100679875006095,0.0,117.0203215382355,231.4143,0.511658969489932,0.23457716959996724,1.5649677659293174e-05,10.435787637057299
"Electricity; at user; consumption mix - Puget Sound Energy, Inc. - BA",natural gas extraction and processing - Appalachian,"market for transport, freight, lorry 7.5-16 metric ton, EURO6 | transport, freight, lorry 7.5-16 metric ton, EURO6 | Cutoff, U",239.29614777232158,0.0,0.11818028057219636,0.06646886184107767,0.06496096776262633,0.0,112.69978891590041,255.4872,0.5316260772749629,0.2585868957095603,1.77892980825372e-05,10.253059430652103
"Electricity; at user; consumption mix - PJM Interconnection, LLC - BA",natural gas extraction and processing - Permian,"market for transport, freight, lorry 7.5-16 metric ton, EURO6 | transport, freight, lorry 7.5-16 metric ton, EURO6 | Cutoff, U",210.8838874516353,0.0,0.10662069528976889,0.0701455671429988,0.06915877085231772,0.0,112.11477734693914,231.7048,0.48889284935582406,0.23588096113973622,1.700691204244304e-05,9.331476483704375
"Electricity; at user; consumption mix - Midcontinent Independent System Operator, Inc. - BA",natural gas extraction and processing - Anadarko,"market for transport, freight, lorry 16-32 metric ton, EURO5 | transport, freight, lorry 16-32 metric ton, EURO5 | Cutoff, U",272.1723612683649,0.0,0.12260373543366737,0.06913928326725297,0.06057245215513543,0.0,92.0693848682065,280.2446,0.6047613210565425,0.2779894915426089,1.7515526546832212e-05,12.263525956018036
"Electricity; at user; consumption mix - Midcontinent Independent System Operator, Inc. - BA",natural gas extraction and processing - Appalachian,"market for transport, freight, lorry 16-32 metric ton, EURO6 | transport, freight, lorry 16-32 metric ton, EURO6 | Cutoff, U",243.12312759105998,0.0,0.11548906210294323,0.07838811722306534,0.05570048898176298,0.0,123.19617148872507,253.5695,0.5264270427185835,0.2520071569127496,1.6407817702053594e-05,10.236535773829118
Electricity; at user; consumption mix - Bonneville Power Administration - BA,natural gas extraction and processing - Green River,"market for transport, freight, lorry 7.5-16 metric ton, EURO6 | transport, freight, lorry 7.5-16 metric ton, EURO6 | Cutoff, U",252.10487212884792,0.0,0.11420687688037146,0.06263959792278095,0.06368522500637964,0.0,118.13979458490316,264.9528,0.5481940204837455,0.26782930645304137,1.7994144554305392e-05,10.573004936530067
Electricity; at user; consumption mix - New York Independent System Operator - BA,natural gas extraction and processing - Green River,"market for transport, freight, lorry 7.5-16 metric ton, EURO6 | transport, freight, lorry 7.5-16 metric ton, EURO6 | Cutoff, U",203.31638789006539,0.0,0.114980835527031,0.06205680827824536,0.061680888790003,0.0,100.03900294469838,221.0049,0.4676769846744697,0.22666806015878838,1.6071630902276123e-05,8.981477448095655
Electricity; at user; consumption mix - Duke Energy Progress East - BA,natural gas extraction and processing - Appalachian,"market for transport, freight, lorry 7.5-16 metric ton, EURO5 | transport, freight, lorry 7.5-16 metric ton, EURO5 | Cutoff, U",292.26260063438775,0.0,0.12212942537924572,0.06152262816917518,0.06411820955391917,0.0,116.11324642569751,303.5843,0.6546267335868475,0.30423713651049494,1.9605234376096143e-05,13.2439807997293
Electricity; at user; consumption mix - Los Angeles Department of Water and Power - BA,natural gas extraction and processing - Anadarko,"market for transport, freight, lorry 16-32 metric ton, EURO5 | transport, freight, lorry 16-32 metric ton, EURO5 | Cutoff, U",238.65304890990754,0.0,0.10841317423742845,0.06662894124215883,0.06374660191878272,0.0,113.46150733615383,248.5584,0.5419330485331856,0.24954975973991197,1.617045152741423e-05,11.037588651216831
"Electricity; at user; consumption mix - PJM Interconnection, LLC - BA",natural gas extraction and processing - Arkla,"market for transport, freight, lorry 7.5-16 metric ton, EURO6 | transport, freight, lorry 7.5-16 metric ton, EURO6 | Cutoff, U",255.355062998296,0.0,0.1179567772648779,0.0775071038465641,0.06258923321692637,0.0,107.96321825072113,272.742,0.5643828718455546,0.27359526424818853,1.8765487346825107e-05,10.838399617744283
Electricity; at user; consumption mix - Duke Energy Progress East - BA,natural gas extraction and processing - Appalachian,"market for transport, freight, lorry 16-32 metric ton, EURO6 | transport, freight, lorry 16-32 metric ton, EURO6 | Cutoff, U",217.00560084055329,0.0,0.1052972518043317,0.05506095242963514,0.05573096304502242,0.0,121.61584785802506,224.7896,0.4695109902875696,0.22660498596692183,1.4571263840890912e-05,9.151340733798158
Electricity; at user; consumption mix - ISO-NE - BA,natural gas extraction and processing - Appalachian,"market for transport, freight, lorry 7.5-16 metric ton, EURO5 | transport, freight, lorry 7.5-16 metric ton, EURO5 | Cutoff, U",248.2358132165104,0.0,0.10253916106002803,0.06102817364477228,0.06967441620943499,0.0,121.18909246449175,263.2788,0.5788580766597726,0.26734658266774947,1.7966770380389168e-05,11.728574711824383
Electricity; at user; consumption mix - South Carolina Electric & Gas Company - BA,natural gas extraction and processing - Fort Worth,"market for transport, freight, lorry 7.5-16 metric ton, EURO6 | transport, freight, lorry 7.5-16 metric ton, EURO6 | Cutoff, U",212.58651256238204,0.0,0.1325372420470845,0.06714180626934409,0.05956758408650351,0.0,129.81973924539957,231.8486,0.4872639804919923,0.2357956172993248,1.6738439326175907e-05,9.3437510603087
"Electricity; at user; consumption mix - Southern Company Services, Inc. - Trans - BA",natural gas extraction and processing - Green River,"market for transport, freight, lorry 16-32 metric ton, EURO6 | transport, freight, lorry 16-32 metric ton, EURO6 | Cutoff, U",242.8420215820274,0.0,0.10223909004137377,0.07265263659440568,0.05834094210115142,0.0,123.12018735140884,251.8354,0.5199573993363958,0.25077684214713747,1.613875888893552e-05,10.156406457356185
"Electricity; at user; consumption mix - Midcontinent Independent System Operator, Inc. - BA",natural gas extraction and processing - Permian,"market for transport, freight, lorry 16-32 metric ton, EURO6 | transport, freight, lorry 16-32 metric ton, EURO6 | Cutoff, U",193.50656092285152,0.0,0.12017326944927004,0.07446049722507415,0.06983964650281908,0.0,101.36557542501123,210.4341,0.44849254577872016,0.2127489164015907,1.5084918899168185e-05,8.647596302763098
Electricity; at user; consumption mix - New York Independent System Operator - BA,natural gas extraction and processing - Appalachian,"market for transport, freight, lorry 16-32 metric ton, EURO5 | transport, freight, lorry 16-32 metric ton, EURO5 | Cutoff, U",231.35045224012478,0.0,0.1193724053812793,0.06596126130809889,0.0741796238214047,0.0,95.02958603653808,242.6738,0.5355149913687688,0.24563701050242565,1.6366357695110455e-05,10.901762437362322
Electricity; at user; consumption mix - ISO-NE - BA,natural gas extraction and processing - Gulf,"market for transport, freight, lorry 7.5-16 metric ton, EURO6 | transport, freight, lorry 7.5-16 metric ton, EURO6 | Cutoff, U",214.0623111907595,0.0,0.09522965238948979,0.07398634333647254,0.06380144049638485,0.0,126.63806559081995,233.0233,0.49147828477142413,0.23763288909368932,1.6897703125486414e-05,9.467474417234424
Electricity; at user; consumption mix - California Independent System Operator - BA,natural gas extraction and processing - Appalachian,"market for transport, freight, lorry 16-32 metric ton, EURO6 | transport, freight, lorry 16-32 metric ton, EURO6 | Cutoff, U",241.38391554185392,0.0,0.10925255792277623,0.06909784558259986,0.06197157604308389,0.0,102.6590627708825,249.6881,0.516805697027356,0.2498974961672182,1.6150355513625272e-05,10.142787449802746
Electricity; at user; consumption mix - Tampa Electric Company - BA,natural gas extraction and processing - Gulf,"market for transport, freight, lorry 16-32 metric ton, EURO5 | transport, freight, lorry 16-32 metric ton, EURO5 | Cutoff, U",245.80135348537488,0.0,0.09252427948734512,0.0665623658615259,0.06154104125624785,0.0,106.57570681179637,255.1971,0.5552780197529402,0.2546166404029747,1.6176364045335173e-05,11.302049555675817
"Electricity; at user; consumption mix - Electric Reliability Council of Texas, Inc. - BA",natural gas extraction and processing - Arkla,"market for transport, freight, lorry 16-32 metric ton, EURO5 | transport, freight, lorry 16-32 metric ton, EURO5 | Cutoff, U",223.91011224890056,0.0,0.11259164403413038,0.07291132757696976,0.059131023616278845,0.0,127.80402025154623,235.8425,0.5225944080755152,0.23781584437657713,1.5715139563301658e-05,10.632156430060393
Electricity; at user; consumption mix - Public Service Company of Colorado - BA,natural gas extraction and processing - Appalachian,"market for transport, freight, lorry 7.5-16 metric ton, EURO6 | transport, freight, lorry 7.5-16 metric ton, EURO6 | Cutoff, U",207.26133426619984,0.0,0.11128885050522572,0.06248710711137441,0.05704636305630263,0.0,108.2254497579237,225.1487,0.47345758149682293,0.22892173531278823,1.6014376985622548e-05,9.104031404006609
Electricity; at user; consumption mix - Duke Energy Carolinas - BA,natural gas extraction and processing - Strawn,"market for transport, freight, lorry 7.5-16 metric ton, EURO6 | transport, freight, lorry 7.5-16 metric ton, EURO6 | Cutoff, U",260.768080604651,0.0,0.12345211855133494,0.06668450592344594,0.05854345846704512,0.0,121.86548690562542,274.2324,0.5647687755269116,0.27535373173970673,1.8365620594041178e-05,10.902700385856829
"Electricity; at user; consumption mix - PJM Interconnection, LLC - BA",natural gas extraction and processing - Strawn,"market for transport, freight, lorry 7.5-16 metric ton, EURO6 | transport, freight, lorry 7.5-16 metric ton, EURO6 | Cutoff, U",194.31163898254152,0.0,0.10506990634559983,0.0692191363626904,0.07311512597995098,0.0,115.8120123170808,217.2188,0.4626346317767188,0.22269900750378815,1.6542074583424653e-05,8.799506330916394
Electricity; at user; consumption mix - California Independent System Operator - BA,natural gas extraction and processing - Strawn,"market for transport, freight, lorry 7.5-16 metric ton, EURO6 | transport, freight, lorry 7.5-16 metric ton, EURO6 | Cutoff, U",211.23714854359355,0.0,0.12373618785796703,0.07303841157686014,0.07014168579934836,0.0,105.19746574606417,232.6701,0.49127421457532194,0.23780434009825238,1.7345610670107588e-05,9.458280299733733
"Electricity; at user; consumption mix - Electric Reliability Council of Texas, Inc. - BA",natural gas extraction and processing - Gulf,"market for transport, freight, lorry 7.5-16 metric ton, EURO5 | transport, freight, lorry 7.5-16 metric ton, EURO5 | Cutoff, U",236.54255641650948,0.0,0.09432556947508153,0.0698852369335724,0.06901110518092268,0.0,104.08053761334122,255.1204,0.5704806041000038,0.2590964169085112,1.7794497734219823e-05,11.589943926965256
"Electricity; at user; consumption mix - PJM Interconnection, LLC - BA",natural gas extraction and processing - Arkla,"market for transport, freight, lorry 16-32 metric ton, EURO6 | transport, freight, lorry 16-32 metric ton, EURO6 | Cutoff, U",181.64082496050892,0.0,0.10058867154141704,0.07249834195734635,0.06697672520369712,0.0,117.07361889113774,197.4891,0.422076123298955,0.2014493780819674,1.430327462229714e-05,8.128675884124362
Electricity; at user; consumption mix - PowerSouth Energy Cooperative - BA,natural gas extraction and processing - Appalachian,"market for transport, freight, lorry 16-32 metric ton, EURO6 | transport, freight, lorry 16-32 metric ton, EURO6 | Cutoff, U",238.891084584777,0.0,0.0968144741531911,0.06986378032129584,0.06227092240695283,0.0,100.79410844484997,248.9845,0.515352290812979,0.24767058301640005,1.600952258576582e-05,10.095586797020237
Electricity; at user; consumption mix - LG&E and KU Services Company as agent for Louisville Gas and Electric Company and Kentucky Utilities Company - BA,natural gas extraction and processing - Appalachian,"market for transport, freight, lorry 7.5-16 metric ton, EURO6 | transport, freight, lorry 7.5-16 metric ton, EURO6 | Cutoff, U",300.16072637066594,0.0,0.12383442062694788,0.0555024354367082,0.06340934426380813,0.0,105.32985037033686,312.3356,0.632649182115763,0.3074645265610584,1.9642947875027854e-05,12.252710599117263
"Electricity; at user; consumption mix - PJM Interconnection, LLC - BA",natural gas extraction and processing - Green River,"market for transport, freight, lorry 7.5-16 metric ton, EURO6 | transport, freight, lorry 7.5-16 metric ton, EURO6 | Cutoff, U",248.38691619002543,0.0,0.0991702589325946,0.060462777832449154,0.06852724577898857,0.0,94.69619676163929,263.5632,0.5459343177917548,0.26470104794829963,1.784057594545264e-05,10.505477667276148
Electricity; at user; consumption mix - Tennessee Valley Authority - BA,natural gas extraction and processing - Appalachian,"market for transport, freight, lorry 7.5-16 metric ton, EURO6 | transport, freight, lorry 7.5-16 metric ton, EURO6 | Cutoff, U",287.46890362154704,0.0,0.10729760362726765,0.06805495176701683,0.07506418510428195,0.0,109.80859576272246,302.1023,0.6184325413191466,0.3007149977024723,2.0018281179753587e-05,11.914014234918133
"Electricity; at user; consumption mix - Southern Company Services, Inc. - Trans - BA",natural gas extraction and processing - East Texas,"market for transport, freight, lorry 16-32 metric ton, EURO5 | transport, freight, lorry 16-32 metric ton, EURO5 | Cutoff, U",225.67085793086048,0.0,0.11870642670507658,0.07543139575951514,0.06791513587993925,0.0,106.64039495913778,239.3301,0.529119460820902,0.24129681933231614,1.6261470113625792e-05,10.778005089765202
"Electricity; at user; consumption mix - PJM Interconnection, LLC - BA",natural gas extraction and processing - Appalachian,"market for transport, freight, lorry 16-32 metric ton, EURO5 | transport, freight, lorry 16-32 metric ton, EURO5 | Cutoff, U",210.87953903324956,0.0,0.1106232174187004,0.06730559825526539,0.06431322165320089,0.0,108.10434499053048,223.577,0.4972247939476426,0.22680691392674882,1.5245372185684492e-05,10.07417160717188
Electricity; at user; consumption mix - Southwest Power Pool - BA,natural gas extraction and processing - Permian,"market for transport, freight, lorry 16-32 metric ton, EURO6 | transport, freight, lorry 16-32 metric ton, EURO6 | Cutoff, U",172.4491050645704,0.0,0.10794525468272537,0.06629173662969831,0.05965848215601927,0.0,96.88134180592053,188.0416,0.4048363025152172,0.19211725745801553,1.3575964980398295e-05,7.79214021751892
"Electricity; at user; consumption mix - Southern Company Services, Inc. - Trans - BA",natural gas extraction and processing - San Juan,"market for transport, freight, lorry 16-32 metric ton, EURO5 | transport, freight, lorry 16-32 metric ton, EURO5 | Cutoff, U",260.81567568586894,0.0,0.11870378093097349,0.06801979510880689,0.06034051319121819,0.0,100.01191772327505,269.0519,0.5805783372850711,0.2680838387723353,1.6973674653854685e-05,11.816398637775984
Electricity; at user; consumption mix - Los Angeles Department of Water and Power - BA,natural gas extraction and processing - Arkla,"market for transport, freight, lorry 16-32 metric ton, EURO6 | transport, freight, lorry 16-32 metric ton, EURO6 | Cutoff, U",294.1716640592785,0.0,0.09942736314473652,0.06853334104882629,0.05825896318178177,0.0,102.99657747006962,297.2564,0.602117082497297,0.2924175142145555,1.7776863843579012e-05,11.830210157751862
Electricity; at user; consumption mix - New York Independent System Operator - BA,natural gas extraction and processing - Permian,"market for transport, freight, lorry 7.5-16 metric ton, EURO5 | transport, freight, lorry 7.5-16 metric ton, EURO5 | Cutoff, U",237.15401837167778,0.0,0.11038857282280935,0.06821676173125368,0.0684749992220411,0.0,102.21350369102619,254.2711,0.5653457829614841,0.25972781461915584,1.787640162238339e-05,11.455255624945334
Electricity; at user; consumption mix - New York Independent System Operator - BA,natural gas extraction and processing - Permian,"market for transport, freight, lorry 16-32 metric ton, EURO6 | transport, freight, lorry 16-32 metric ton, EURO6 | Cutoff, U",227.09403624244604,0.0,0.11016589795980779,0.06005220282545244,0.06869938097756467,0.0,125.93861526465474,236.2948,0.49236798851265706,0.23788841856268791,1.5604766127447803e-05,9.593811817197354
