elec_rolling_sheet,elec_galv_co,elec_rolling_slab,steel_toCoil,steel_slab,elec_EAF,iron_forEAF,elec_DRI,natgas_DRI,elec_BOF,iron_forBOF,elec,coal,"fabrication, sheet.wf","fabrication, sheet.elec","fabrication, sheet.trans_co2","galvanizing, continuous.elec","galvanizing, continuous.w_zinc","galvanizing, continuous.w_steel","galvanizing, continuous.trans_co2","rolling, coil.elec","rolling, slab.elec","rolling, slab.heat","steelmaking, electric arc furnace.scrap_pct","steelmaking, electric arc furnace.wf","steelmaking, electric arc furnace.kWh_EAF","steelmaking, electric arc furnace.trans_co2","ironmaking, direct reduction, MIDREX.co2_kg","ironmaking, direct reduction, MIDREX.elec","ironmaking, direct reduction, MIDREX.ng_mj","ironmaking, direct reduction, MIDREX.ore_kg","ironmaking, direct reduction, MIDREX.trans_co2","steelmaking, basic oxygen converter.elec","steelmaking, basic oxygen converter.scrap_pct","steelmaking, basic oxygen converter.wf","steelmaking, basic oxygen converter.co2_kg","ironmaking, blast furnace.elec","ironmaking, blast furnace.co2_kg",sintering.co2_kg,coking.co2_kg,zinc production.co2_kg,gwp,gwp_be,gep_bu,ap,ep,odp,pocp,gwp_AR5,gwp_EF2,gwp_CML,sim_type
"Electricity; at grid; consumption mix - PJM Interconnection, LLC - BA","Electricity; at grid; consumption mix - PJM Interconnection, LLC - BA","Electricity; at grid; consumption mix - PJM Interconnection, LLC - BA","rolling, slab","steelmaking, electric arc furnace","Electricity; at grid; consumption mix - PJM Interconnection, LLC - BA","ironmaking, blast furnace","Electricity; at grid; consumption mix - PJM Interconnection, LLC - BA",natural gas extraction and processing - Appalachian,"Electricity; at grid; consumption mix - PJM Interconnection, LLC - BA","ironmaking, blast furnace","Electricity; at grid; consumption mix - PJM Interconnection, LLC - BA","coal extraction and processing - Central Appalachia, BIT, Underground",0.03,0.046,0.115,0.343,0.275,4.76,0.01,0.138,0.04,0.874,0.56,0.03,0.5,0.01,0.507,0.12,9.9,1.3,0.01,0.027,0.15,0.1,0.071,0.074,1.093,0.26,0.124,1.72,1.6502,0.0,0.0,0.0019344623624612531,0.0001241963514892036,1.4147310826879891e-08,0.036226560666650365,nan,nan,nan,base
Electricity; at grid; consumption mix - Duke Energy Progress East - BA,"Electricity; at grid; consumption mix - PJM Interconnection, LLC - BA","Electricity; at grid; consumption mix - PJM Interconnection, LLC - BA","rolling, slab","steelmaking, electric arc furnace","Electricity; at grid; consumption mix - PJM Interconnection, LLC - BA","ironmaking, blast furnace","Electricity; at grid; consumption mix - PJM Interconnection, LLC - BA",natural gas extraction and processing - Appalachian,"Electricity; at grid; consumption mix - PJM Interconnection, LLC - BA","ironmaking, blast furnace","Electricity; at grid; consumption mix - PJM Interconnection, LLC - BA","coal extraction and processing - Central Appalachia, BIT, Underground",0.03,0.046,0.115,0.343,0.275,4.76,0.01,0.138,0.04,0.874,0.56,0.03,0.5,0.01,0.507,0.12,9.9,1.3,0.01,0.027,0.15,0.1,0.071,0.074,1.093,0.26,0.124,1.72,1.6442,0.0,0.0,0.0019213651610885272,0.0001239772260452097,1.416698908290559e-08,0.03615745170357004,nan,nan,nan,range
"Electricity; at grid; consumption mix - Midcontinent Independent System Operator, Inc. - BA","Electricity; at grid; consumption mix - PJM Interconnection, LLC - BA","Electricity; at grid; consumption mix - PJM Interconnection, LLC - BA","rolling, slab","steelmaking, electric arc furnace","Electricity; at grid; consumption mix - PJM Interconnection, LLC - BA","ironmaking, blast furnace","Electricity; at grid; consumption mix - PJM Interconnection, LLC - BA",natural gas extraction and processing - Appalachian,"Electricity; at grid; consumption mix - PJM Interconnection, LLC - BA","ironmaking, blast furnace","Electricity; at grid; consumption mix - PJM Interconnection, LLC - BA","coal extraction and processing - Central Appalachia, BIT, Underground",0.03,0.046,0.115,0.343,0.275,4.76,0.01,0.138,0.04,0.874,0.56,0.03,0.5,0.01,0.507,0.12,9.9,1.3,0.01,0.027,0.15,0.1,0.071,0.074,1.093,0.26,0.124,1.72,1.6582,0.0,0.0,0.001967546604518225,0.00012557634481498062,1.4512310571833862e-08,0.03694001644022889,nan,nan,nan,range
"Electricity; at grid; consumption mix - PJM Interconnection, LLC - BA",Electricity; at grid; consumption mix - Duke Energy Progress East - BA,"Electricity; at grid; consumption mix - PJM Interconnection, LLC - BA","rolling, slab","steelmaking, electric arc furnace","Electricity; at grid; consumption mix - PJM Interconnection, LLC - BA","ironmaking, blast furnace","Electricity; at grid; consumption mix - PJM Interconnection, LLC - BA",natural gas extraction and processing - Appalachian,"Electricity; at grid; consumption mix - PJM Interconnection, LLC - BA","ironmaking, blast furnace","Electricity; at grid; consumption mix - PJM Interconnection, LLC - BA","coal extraction and processing - Central Appalachia, BIT, Underground",0.03,0.046,0.115,0.343,0.275,4.76,0.01,0.138,0.04,0.874,0.56,0.03,0.5,0.01,0.507,0.12,9.9,1.3,0.01,0.027,0.15,0.1,0.071,0.074,1.093,0.26,0.124,1.72,1.6044,0.0,0.0,0.0018338730087010292,0.0001225134204433643,1.4298444111039055e-08,0.03569578880650585,nan,nan,nan,range
"Electricity; at grid; consumption mix - PJM Interconnection, LLC - BA","Electricity; at grid; consumption mix - Midcontinent Independent System Operator, Inc. - BA","Electricity; at grid; consumption mix - PJM Interconnection, LLC - BA","rolling, slab","steelmaking, electric arc furnace","Electricity; at grid; consumption mix - PJM Interconnection, LLC - BA","ironmaking, blast furnace","Electricity; at grid; consumption mix - PJM Interconnection, LLC - BA",natural gas extraction and processing - Appalachian,"Electricity; at grid; consumption mix - PJM Interconnection, LLC - BA","ironmaking, blast furnace","Electricity; at grid; consumption mix - PJM Interconnection, LLC - BA","coal extraction and processing - Central Appalachia, BIT, Underground",0.03,0.046,0.115,0.343,0.275,4.76,0.01,0.138,0.04,0.874,0.56,0.03,0.5,0.01,0.507,0.12,9.9,1.3,0.01,0.027,0.15,0.1,0.071,0.074,1.093,0.26,0.124,1.72,1.7122,0.0,0.0,0.002188556533685336,0.0001347950002297206,1.6950588215897067e-08,0.04170605610681467,nan,nan,nan,range
"Electricity; at grid; consumption mix - PJM Interconnection, LLC - BA","Electricity; at grid; consumption mix - PJM Interconnection, LLC - BA",Electricity; at grid; consumption mix - Duke Energy Progress East - BA,"rolling, slab","steelmaking, electric arc furnace","Electricity; at grid; consumption mix - PJM Interconnection, LLC - BA","ironmaking, blast furnace","Electricity; at grid; consumption mix - PJM Interconnection, LLC - BA",natural gas extraction and processing - Appalachian,"Electricity; at grid; consumption mix - PJM Interconnection, LLC - BA","ironmaking, blast furnace","Electricity; at grid; consumption mix - PJM Interconnection, LLC - BA","coal extraction and processing - Central Appalachia, BIT, Underground",0.03,0.046,0.115,0.343,0.275,4.76,0.01,0.138,0.04,0.874,0.56,0.03,0.5,0.01,0.507,0.12,9.9,1.3,0.01,0.027,0.15,0.1,0.071,0.074,1.093,0.26,0.124,1.72,1.6277,0.0,0.0,0.0018851125646008168,0.00012337069446069542,1.4221457809084558e-08,0.03596616050471496,nan,nan,nan,range
"Electricity; at grid; consumption mix - PJM Interconnection, LLC - BA","Electricity; at grid; consumption mix - PJM Interconnection, LLC - BA","Electricity; at grid; consumption mix - Midcontinent Independent System Operator, Inc. - BA","rolling, slab","steelmaking, electric arc furnace","Electricity; at grid; consumption mix - PJM Interconnection, LLC - BA","ironmaking, blast furnace","Electricity; at grid; consumption mix - PJM Interconnection, LLC - BA",natural gas extraction and processing - Appalachian,"Electricity; at grid; consumption mix - PJM Interconnection, LLC - BA","ironmaking, blast furnace","Electricity; at grid; consumption mix - PJM Interconnection, LLC - BA","coal extraction and processing - Central Appalachia, BIT, Underground",0.03,0.046,0.115,0.343,0.275,4.76,0.01,0.138,0.04,0.874,0.56,0.03,0.5,0.01,0.507,0.12,9.9,1.3,0.01,0.027,0.15,0.1,0.071,0.074,1.093,0.26,0.124,1.72,1.6806,0.0,0.0,0.002059122632347409,0.00012939611819796543,1.5522617132400994e-08,0.03891483713171122,nan,nan,nan,range
"Electricity; at grid; consumption mix - PJM Interconnection, LLC - BA","Electricity; at grid; consumption mix - PJM Interconnection, LLC - BA","Electricity; at grid; consumption mix - PJM Interconnection, LLC - BA","rolling, slab","steelmaking, electric arc furnace","Electricity; at grid; consumption mix - PJM Interconnection, LLC - BA","ironmaking, blast furnace","Electricity; at grid; consumption mix - PJM Interconnection, LLC - BA",natural gas extraction and processing - Appalachian,"Electricity; at grid; consumption mix - PJM Interconnection, LLC - BA","ironmaking, blast furnace","Electricity; at grid; consumption mix - PJM Interconnection, LLC - BA","coal extraction and processing - Central Appalachia, BIT, Underground",0.03,0.046,0.115,0.343,0.275,4.76,0.01,0.138,0.04,0.874,0.56,0.03,0.5,0.01,0.507,0.12,9.9,1.3,0.01,0.027,0.15,0.1,0.071,0.074,1.093,0.26,0.124,1.72,1.6502,0.0,0.0,0.0019344623624612531,0.0001241963514892036,1.4147310826879891e-08,0.036226560666650365,nan,nan,nan,range
"Electricity; at grid; consumption mix - PJM Interconnection, LLC - BA","Electricity; at grid; consumption mix - PJM Interconnection, LLC - BA","Electricity; at grid; consumption mix - PJM Interconnection, LLC - BA","steel, crude","steelmaking, electric arc furnace","Electricity; at grid; consumption mix - PJM Interconnection, LLC - BA","ironmaking, blast furnace","Electricity; at grid; consumption mix - PJM Interconnection, LLC - BA",natural gas extraction and processing - Appalachian,"Electricity; at grid; consumption mix - PJM Interconnection, LLC - BA","ironmaking, blast furnace","Electricity; at grid; consumption mix - PJM Interconnection, LLC - BA","coal extraction and processing - Central Appalachia, BIT, Underground",0.03,0.046,0.115,0.343,0.275,4.76,0.01,0.138,0.04,0.874,0.56,0.03,0.5,0.01,0.507,0.12,9.9,1.3,0.01,0.027,0.15,0.1,0.071,0.074,1.093,0.26,0.124,1.72,2.2984,0.0,0.0,0.0005898910857263406,2.870136032125744e-05,3.783797753867626e-09,0.009989168246329465,nan,nan,nan,range
"Electricity; at grid; consumption mix - PJM Interconnection, LLC - BA","Electricity; at grid; consumption mix - PJM Interconnection, LLC - BA","Electricity; at grid; consumption mix - PJM Interconnection, LLC - BA","rolling, slab","steelmaking, basic oxygen converter","Electricity; at grid; consumption mix - PJM Interconnection, LLC - BA","ironmaking, blast furnace","Electricity; at grid; consumption mix - PJM Interconnection, LLC - BA",natural gas extraction and processing - Appalachian,"Electricity; at grid; consumption mix - PJM Interconnection, LLC - BA","ironmaking, blast furnace","Electricity; at grid; consumption mix - PJM Interconnection, LLC - BA","coal extraction and processing - Central Appalachia, BIT, Underground",0.03,0.046,0.115,0.343,0.275,4.76,0.01,0.138,0.04,0.874,0.56,0.03,0.5,0.01,0.507,0.12,9.9,1.3,0.01,0.027,0.15,0.1,0.071,0.074,1.093,0.26,0.124,1.72,2.3214,0.0,0.0,0.0018462338652515562,0.00013286256318169483,1.2138293083071602e-08,0.03649409562437538,nan,nan,nan,range
"Electricity; at grid; consumption mix - PJM Interconnection, LLC - BA","Electricity; at grid; consumption mix - PJM Interconnection, LLC - BA","Electricity; at grid; consumption mix - PJM Interconnection, LLC - BA","rolling, slab","steelmaking, electric arc furnace","Electricity; at grid; consumption mix - PJM Interconnection, LLC - BA","ironmaking, blast furnace","Electricity; at grid; consumption mix - PJM Interconnection, LLC - BA",natural gas extraction and processing - Appalachian,"Electricity; at grid; consumption mix - PJM Interconnection, LLC - BA","ironmaking, blast furnace","Electricity; at grid; consumption mix - PJM Interconnection, LLC - BA","coal extraction and processing - Central Appalachia, BIT, Underground",0.03,0.046,0.115,0.343,0.275,4.76,0.01,0.138,0.04,0.874,0.56,0.03,0.5,0.01,0.507,0.12,9.9,1.3,0.01,0.027,0.15,0.1,0.071,0.074,1.093,0.26,0.124,1.72,1.6502,0.0,0.0,0.0019344623624612531,0.0001241963514892036,1.4147310826879891e-08,0.036226560666650365,nan,nan,nan,range
"Electricity; at grid; consumption mix - PJM Interconnection, LLC - BA","Electricity; at grid; consumption mix - PJM Interconnection, LLC - BA","Electricity; at grid; consumption mix - PJM Interconnection, LLC - BA","rolling, slab","steelmaking, electric arc furnace",Electricity; at grid; consumption mix - Duke Energy Progress East - BA,"ironmaking, blast furnace","Electricity; at grid; consumption mix - PJM Interconnection, LLC - BA",natural gas extraction and processing - Appalachian,"Electricity; at grid; consumption mix - PJM Interconnection, LLC - BA","ironmaking, blast furnace","Electricity; at grid; consumption mix - PJM Interconnection, LLC - BA","coal extraction and processing - Central Appalachia, BIT, Underground",0.03,0.046,0.115,0.343,0.275,4.76,0.01,0.138,0.04,0.874,0.56,0.03,0.5,0.01,0.507,0.12,9.9,1.3,0.01,0.027,0.15,0.1,0.071,0.074,1.093,0.26,0.124,1.72,1.5728,0.0,0.0,0.0017644768869721063,0.00012135237423566284,1.4402710252461944e-08,0.035329611798303975,nan,nan,nan,range
"Electricity; at grid; consumption mix - PJM Interconnection, LLC - BA","Electricity; at grid; consumption mix - PJM Interconnection, LLC - BA","Electricity; at grid; consumption mix - PJM Interconnection, LLC - BA","rolling, slab","steelmaking, electric arc furnace","Electricity; at grid; consumption mix - Midcontinent Independent System Operator, Inc. - BA","ironmaking, blast furnace","Electricity; at grid; consumption mix - PJM Interconnection, LLC - BA",natural gas extraction and processing - Appalachian,"Electricity; at grid; consumption mix - PJM Interconnection, LLC - BA","ironmaking, blast furnace","Electricity; at grid; consumption mix - PJM Interconnection, LLC - BA","coal extraction and processing - Central Appalachia, BIT, Underground",0.03,0.046,0.115,0.343,0.275,4.76,0.01,0.138,0.04,0.874,0.56,0.03,0.5,0.01,0.507,0.12,9.9,1.3,0.01,0.027,0.15,0.1,0.071,0.074,1.093,0.26,0.124,1.72,1.7549,0.0,0.0,0.002363854906502287,0.00014210695811258197,1.8884556092774878e-08,0.04548633422138666,nan,nan,nan,range
"Electricity; at grid; consumption mix - PJM Interconnection, LLC - BA","Electricity; at grid; consumption mix - PJM Interconnection, LLC - BA","Electricity; at grid; consumption mix - PJM Interconnection, LLC - BA","rolling, slab","steelmaking, electric arc furnace","Electricity; at grid; consumption mix - PJM Interconnection, LLC - BA","ironmaking, blast furnace","Electricity; at grid; consumption mix - PJM Interconnection, LLC - BA",natural gas extraction and processing - Appalachian,"Electricity; at grid; consumption mix - PJM Interconnection, LLC - BA","ironmaking, blast furnace","Electricity; at grid; consumption mix - PJM Interconnection, LLC - BA","coal extraction and processing - Central Appalachia, BIT, Underground",0.03,0.046,0.115,0.343,0.275,4.76,0.01,0.138,0.04,0.874,0.56,0.03,0.5,0.01,0.507,0.12,9.9,1.3,0.01,0.027,0.15,0.1,0.071,0.074,1.093,0.26,0.124,1.72,1.6502,0.0,0.0,0.0019344623624612531,0.0001241963514892036,1.4147310826879891e-08,0.036226560666650365,nan,nan,nan,range
"Electricity; at grid; consumption mix - PJM Interconnection, LLC - BA","Electricity; at grid; consumption mix - PJM Interconnection, LLC - BA","Electricity; at grid; consumption mix - PJM Interconnection, LLC - BA","rolling, slab","steelmaking, electric arc furnace","Electricity; at grid; consumption mix - PJM Interconnection, LLC - BA","ironmaking, direct reduction, MIDREX","Electricity; at grid; consumption mix - PJM Interconnection, LLC - BA",natural gas extraction and processing - Appalachian,"Electricity; at grid; consumption mix - PJM Interconnection, LLC - BA","ironmaking, blast furnace","Electricity; at grid; consumption mix - PJM Interconnection, LLC - BA","coal extraction and processing - Central Appalachia, BIT, Underground",0.03,0.046,0.115,0.343,0.275,4.76,0.01,0.138,0.04,0.874,0.56,0.03,0.5,0.01,0.507,0.12,9.9,1.3,0.01,0.027,0.15,0.1,0.071,0.074,1.093,0.26,0.124,1.72,1.1449,0.0,0.0,0.002007573429736269,0.00013288720123467274,1.280097710112324e-08,0.04308373038619866,nan,nan,nan,range
"Electricity; at grid; consumption mix - PJM Interconnection, LLC - BA","Electricity; at grid; consumption mix - PJM Interconnection, LLC - BA","Electricity; at grid; consumption mix - PJM Interconnection, LLC - BA","rolling, slab","steelmaking, electric arc furnace","Electricity; at grid; consumption mix - PJM Interconnection, LLC - BA","ironmaking, blast furnace",Electricity; at grid; consumption mix - Duke Energy Progress East - BA,natural gas extraction and processing - Appalachian,"Electricity; at grid; consumption mix - PJM Interconnection, LLC - BA","ironmaking, blast furnace","Electricity; at grid; consumption mix - PJM Interconnection, LLC - BA","coal extraction and processing - Central Appalachia, BIT, Underground",0.03,0.046,0.115,0.343,0.275,4.76,0.01,0.138,0.04,0.874,0.56,0.03,0.5,0.01,0.507,0.12,9.9,1.3,0.01,0.027,0.15,0.1,0.071,0.074,1.093,0.26,0.124,1.72,1.6502,0.0,0.0,0.0019344623624612531,0.0001241963514892036,1.4147310826879891e-08,0.036226560666650365,nan,nan,nan,range
"Electricity; at grid; consumption mix - PJM Interconnection, LLC - BA","Electricity; at grid; consumption mix - PJM Interconnection, LLC - BA","Electricity; at grid; consumption mix - PJM Interconnection, LLC - BA","rolling, slab","steelmaking, electric arc furnace","Electricity; at grid; consumption mix - PJM Interconnection, LLC - BA","ironmaking, blast furnace","Electricity; at grid; consumption mix - Midcontinent Independent System Operator, Inc. - BA",natural gas extraction and processing - Appalachian,"Electricity; at grid; consumption mix - PJM Interconnection, LLC - BA","ironmaking, blast furnace","Electricity; at grid; consumption mix - PJM Interconnection, LLC - BA","coal extraction and processing - Central Appalachia, BIT, Underground",0.03,0.046,0.115,0.343,0.275,4.76,0.01,0.138,0.04,0.874,0.56,0.03,0.5,0.01,0.507,0.12,9.9,1.3,0.01,0.027,0.15,0.1,0.071,0.074,1.093,0.26,0.124,1.72,1.6502,0.0,0.0,0.0019344623624612531,0.0001241963514892036,1.4147310826879891e-08,0.036226560666650365,nan,nan,nan,range
"Electricity; at grid; consumption mix - PJM Interconnection, LLC - BA","Electricity; at grid; consumption mix - PJM Interconnection, LLC - BA","Electricity; at grid; consumption mix - PJM Interconnection, LLC - BA","rolling, slab","steelmaking, electric arc furnace","Electricity; at grid; consumption mix - PJM Interconnection, LLC - BA","ironmaking, blast furnace","Electricity; at grid; consumption mix - PJM Interconnection, LLC - BA",natural gas extraction and processing - Anadarko,"Electricity; at grid; consumption mix - PJM Interconnection, LLC - BA","ironmaking, blast furnace","Electricity; at grid; consumption mix - PJM Interconnection, LLC - BA","coal extraction and processing - Central Appalachia, BIT, Underground",0.03,0.046,0.115,0.343,0.275,4.76,0.01,0.138,0.04,0.874,0.56,0.03,0.5,0.01,0.507,0.12,9.9,1.3,0.01,0.027,0.15,0.1,0.071,0.074,1.093,0.26,0.124,1.72,1.6502,0.0,0.0,0.0019344623624612531,0.0001241963514892036,1.4147310826879891e-08,0.036226560666650365,nan,nan,nan,range
"Electricity; at grid; consumption mix - PJM Interconnection, LLC - BA","Electricity; at grid; consumption mix - PJM Interconnection, LLC - BA","Electricity; at grid; consumption mix - PJM Interconnection, LLC - BA","rolling, slab","steelmaking, electric arc furnace","Electricity; at grid; consumption mix - PJM Interconnection, LLC - BA","ironmaking, blast furnace","Electricity; at grid; consumption mix - PJM Interconnection, LLC - BA",natural gas extraction and processing - East Texas,"Electricity; at grid; consumption mix - PJM Interconnection, LLC - BA","ironmaking, blast furnace","Electricity; at grid; consumption mix - PJM Interconnection, LLC - BA","coal extraction and processing - Central Appalachia, BIT, Underground",0.03,0.046,0.115,0.343,0.275,4.76,0.01,0.138,0.04,0.874,0.56,0.03,0.5,0.01,0.507,0.12,9.9,1.3,0.01,0.027,0.15,0.1,0.071,0.074,1.093,0.26,0.124,1.72,1.6502,0.0,0.0,0.0019344623624612531,0.0001241963514892036,1.4147310826879891e-08,0.036226560666650365,nan,nan,nan,range
"Electricity; at grid; consumption mix - PJM Interconnection, LLC - BA","Electricity; at grid; consumption mix - PJM Interconnection, LLC - BA","Electricity; at grid; consumption mix - PJM Interconnection, LLC - BA","rolling, slab","steelmaking, electric arc furnace","Electricity; at grid; consumption mix - PJM Interconnection, LLC - BA","ironmaking, blast furnace","Electricity; at grid; consumption mix - PJM Interconnection, LLC - BA",natural gas extraction and processing - Appalachian,Electricity; at grid; consumption mix - Duke Energy Progress East - BA,"ironmaking, blast furnace","Electricity; at grid; consumption mix - PJM Interconnection, LLC - BA","coal extraction and processing - Central Appalachia, BIT, Underground",0.03,0.046,0.115,0.343,0.275,4.76,0.01,0.138,0.04,0.874,0.56,0.03,0.5,0.01,0.507,0.12,9.9,1.3,0.01,0.027,0.15,0.1,0.071,0.074,1.093,0.26,0.124,1.72,1.6366,0.0,0.0,0.0019046586776624282,0.000123697714759238,1.4192090205564715e-08,0.03606929792831384,nan,nan,nan,range
"Electricity; at grid; consumption mix - PJM Interconnection, LLC - BA","Electricity; at grid; consumption mix - PJM Interconnection, LLC - BA","Electricity; at grid; consumption mix - PJM Interconnection, LLC - BA","rolling, slab","steelmaking, electric arc furnace","Electricity; at grid; consumption mix - PJM Interconnection, LLC - BA","ironmaking, blast furnace","Electricity; at grid; consumption mix - PJM Interconnection, LLC - BA",natural gas extraction and processing - Appalachian,"Electricity; at grid; consumption mix - Midcontinent Independent System Operator, Inc. - BA","ironmaking, blast furnace","Electricity; at grid; consumption mix - PJM Interconnection, LLC - BA","coal extraction and processing - Central Appalachia, BIT, Underground",0.03,0.046,0.115,0.343,0.275,4.76,0.01,0.138,0.04,0.874,0.56,0.03,0.5,0.01,0.507,0.12,9.9,1.3,0.01,0.027,0.15,0.1,0.071,0.074,1.093,0.26,0.124,1.72,1.6685,0.0,0.0,0.0020097480890843016,0.00012733663199153986,1.49778957007533e-08,0.03785008392085617,nan,nan,nan,range
"Electricity; at grid; consumption mix - PJM Interconnection, LLC - BA","Electricity; at grid; consumption mix - PJM Interconnection, LLC - BA","Electricity; at grid; consumption mix - PJM Interconnection, LLC - BA","rolling, slab","steelmaking, electric arc furnace","Electricity; at grid; consumption mix - PJM Interconnection, LLC - BA","ironmaking, blast furnace","Electricity; at grid; consumption mix - PJM Interconnection, LLC - BA",natural gas extraction and processing - Appalachian,"Electricity; at grid; consumption mix - PJM Interconnection, LLC - BA","ironmaking, blast furnace","Electricity; at grid; consumption mix - PJM Interconnection, LLC - BA","coal extraction and processing - Central Appalachia, BIT, Underground",0.03,0.046,0.115,0.343,0.275,4.76,0.01,0.138,0.04,0.874,0.56,0.03,0.5,0.01,0.507,0.12,9.9,1.3,0.01,0.027,0.15,0.1,0.071,0.074,1.093,0.26,0.124,1.72,1.6502,0.0,0.0,0.0019344623624612531,0.0001241963514892036,1.4147310826879891e-08,0.036226560666650365,nan,nan,nan,range
"Electricity; at grid; consumption mix - PJM Interconnection, LLC - BA","Electricity; at grid; consumption mix - PJM Interconnection, LLC - BA","Electricity; at grid; consumption mix - PJM Interconnection, LLC - BA","rolling, slab","steelmaking, electric arc furnace","Electricity; at grid; consumption mix - PJM Interconnection, LLC - BA","ironmaking, blast furnace","Electricity; at grid; consumption mix - PJM Interconnection, LLC - BA",natural gas extraction and processing - Appalachian,"Electricity; at grid; consumption mix - PJM Interconnection, LLC - BA","ironmaking, blast furnace","Electricity; at grid; consumption mix - PJM Interconnection, LLC - BA","coal extraction and processing - Central Appalachia, BIT, Underground",0.03,0.046,0.115,0.343,0.275,4.76,0.01,0.138,0.04,0.874,0.56,0.03,0.5,0.01,0.507,0.12,9.9,1.3,0.01,0.027,0.15,0.1,0.071,0.074,1.093,0.26,0.124,1.72,1.6502,0.0,0.0,0.0019344623624612531,0.0001241963514892036,1.4147310826879891e-08,0.036226560666650365,nan,nan,nan,range
"Electricity; at grid; consumption mix - PJM Interconnection, LLC - BA","Electricity; at grid; consumption mix - PJM Interconnection, LLC - BA","Electricity; at grid; consumption mix - PJM Interconnection, LLC - BA","rolling, slab","steelmaking, electric arc furnace","Electricity; at grid; consumption mix - PJM Interconnection, LLC - BA","ironmaking, blast furnace","Electricity; at grid; consumption mix - PJM Interconnection, LLC - BA",natural gas extraction and processing - Appalachian,"Electricity; at grid; consumption mix - PJM Interconnection, LLC - BA","ironmaking, blast furnace",Electricity; at grid; consumption mix - Duke Energy Progress East - BA,"coal extraction and processing - Central Appalachia, BIT, Underground",0.03,0.046,0.115,0.343,0.275,4.76,0.01,0.138,0.04,0.874,0.56,0.03,0.5,0.01,0.507,0.12,9.9,1.3,0.01,0.027,0.15,0.1,0.071,0.074,1.093,0.26,0.124,1.72,1.6502,0.0,0.0,0.0019344623624612534,0.0001241963514892036,1.4147310826879891e-08,0.03622656066665037,nan,nan,nan,range
"Electricity; at grid; consumption mix - PJM Interconnection, LLC - BA","Electricity; at grid; consumption mix - PJM Interconnection, LLC - BA","Electricity; at grid; consumption mix - PJM Interconnection, LLC - BA","rolling, slab","steelmaking, electric arc furnace","Electricity; at grid; consumption mix - PJM Interconnection, LLC - BA","ironmaking, blast furnace","Electricity; at grid; consumption mix - PJM Interconnection, LLC - BA",natural gas extraction and processing - Appalachian,"Electricity; at grid; consumption mix - PJM Interconnection, LLC - BA","ironmaking, blast furnace","Electricity; at grid; consumption mix - Midcontinent Independent System Operator, Inc. - BA","coal extraction and processing - Central Appalachia, BIT, Underground",0.03,0.046,0.115,0.343,0.275,4.76,0.01,0.138,0.04,0.874,0.56,0.03,0.5,0.01,0.507,0.12,9.9,1.3,0.01,0.027,0.15,0.1,0.071,0.074,1.093,0.26,0.124,1.72,1.6502,0.0,0.0,0.001934462362461253,0.00012419635148920358,1.4147310826879891e-08,0.03622656066665036,nan,nan,nan,range
"Electricity; at grid; consumption mix - PJM Interconnection, LLC - BA","Electricity; at grid; consumption mix - PJM Interconnection, LLC - BA","Electricity; at grid; consumption mix - PJM Interconnection, LLC - BA","rolling, slab","steelmaking, electric arc furnace","Electricity; at grid; consumption mix - PJM Interconnection, LLC - BA","ironmaking, blast furnace","Electricity; at grid; consumption mix - PJM Interconnection, LLC - BA",natural gas extraction and processing - Appalachian,"Electricity; at grid; consumption mix - PJM Interconnection, LLC - BA","ironmaking, blast furnace","Electricity; at grid; consumption mix - PJM Interconnection, LLC - BA","coal extraction and processing - Central Interior, BIT, Underground",0.03,0.046,0.115,0.343,0.275,4.76,0.01,0.138,0.04,0.874,0.56,0.03,0.5,0.01,0.507,0.12,9.9,1.3,0.01,0.027,0.15,0.1,0.071,0.074,1.093,0.26,0.124,1.72,1.6437,0.0,0.0,0.0019724387015617965,0.0001256662902720369,1.4513870219458979e-08,0.03687237873794208,nan,nan,nan,range
"Electricity; at grid; consumption mix - PJM Interconnection, LLC - BA","Electricity; at grid; consumption mix - PJM Interconnection, LLC - BA","Electricity; at grid; consumption mix - PJM Interconnection, LLC - BA","rolling, slab","steelmaking, electric arc furnace","Electricity; at grid; consumption mix - PJM Interconnection, LLC - BA","ironmaking, blast furnace","Electricity; at grid; consumption mix - PJM Interconnection, LLC - BA",natural gas extraction and processing - Appalachian,"Electricity; at grid; consumption mix - PJM Interconnection, LLC - BA","ironmaking, blast furnace","Electricity; at grid; consumption mix - PJM Interconnection, LLC - BA","coal extraction and processing - Illinois Basin, BIT, Underground",0.03,0.046,0.115,0.343,0.275,4.76,0.01,0.138,0.04,0.874,0.56,0.03,0.5,0.01,0.507,0.12,9.9,1.3,0.01,0.027,0.15,0.1,0.071,0.074,1.093,0.26,0.124,1.72,1.5999,0.0,0.0,0.001971604589812309,0.00012565658004301273,1.45101421205031e-08,0.036939598732372854,nan,nan,nan,range
"Electricity; at grid; consumption mix - PJM Interconnection, LLC - BA","Electricity; at grid; consumption mix - PJM Interconnection, LLC - BA","Electricity; at grid; consumption mix - PJM Interconnection, LLC - BA","rolling, slab","steelmaking, electric arc furnace","Electricity; at grid; consumption mix - PJM Interconnection, LLC - BA","ironmaking, blast furnace","Electricity; at grid; consumption mix - PJM Interconnection, LLC - BA",natural gas extraction and processing - Appalachian,"Electricity; at grid; consumption mix - PJM Interconnection, LLC - BA","ironmaking, blast furnace","Electricity; at grid; consumption mix - PJM Interconnection, LLC - BA","coal extraction and processing - Central Appalachia, BIT, Underground",0.05,0.046,0.115,0.343,0.275,4.76,0.01,0.138,0.04,0.874,0.56,0.03,0.5,0.01,0.507,0.12,9.9,1.3,0.01,0.027,0.15,0.1,0.071,0.074,1.093,0.26,0.124,1.72,1.6817,0.0,0.0,0.001971037431064441,0.00012655989333911426,1.4415682906479762e-08,0.03691327004549078,nan,nan,nan,range
"Electricity; at grid; consumption mix - PJM Interconnection, LLC - BA","Electricity; at grid; consumption mix - PJM Interconnection, LLC - BA","Electricity; at grid; consumption mix - PJM Interconnection, LLC - BA","rolling, slab","steelmaking, electric arc furnace","Electricity; at grid; consumption mix - PJM Interconnection, LLC - BA","ironmaking, blast furnace","Electricity; at grid; consumption mix - PJM Interconnection, LLC - BA",natural gas extraction and processing - Appalachian,"Electricity; at grid; consumption mix - PJM Interconnection, LLC - BA","ironmaking, blast furnace","Electricity; at grid; consumption mix - PJM Interconnection, LLC - BA","coal extraction and processing - Central Appalachia, BIT, Underground",0.01,0.046,0.115,0.343,0.275,4.76,0.01,0.138,0.04,0.874,0.56,0.03,0.5,0.01,0.507,0.12,9.9,1.3,0.01,0.027,0.15,0.1,0.071,0.074,1.093,0.26,0.124,1.72,1.6186,0.0,0.0,0.0018978872938580655,0.00012183280963929297,1.3878938747280013e-08,0.035539851287809954,nan,nan,nan,range
"Electricity; at grid; consumption mix - PJM Interconnection, LLC - BA","Electricity; at grid; consumption mix - PJM Interconnection, LLC - BA","Electricity; at grid; consumption mix - PJM Interconnection, LLC - BA","rolling, slab","steelmaking, electric arc furnace","Electricity; at grid; consumption mix - PJM Interconnection, LLC - BA","ironmaking, blast furnace","Electricity; at grid; consumption mix - PJM Interconnection, LLC - BA",natural gas extraction and processing - Appalachian,"Electricity; at grid; consumption mix - PJM Interconnection, LLC - BA","ironmaking, blast furnace","Electricity; at grid; consumption mix - PJM Interconnection, LLC - BA","coal extraction and processing - Central Appalachia, BIT, Underground",0.03,0.052,0.115,0.343,0.275,4.76,0.01,0.138,0.04,0.874,0.56,0.03,0.5,0.01,0.507,0.12,9.9,1.3,0.01,0.027,0.15,0.1,0.071,0.074,1.093,0.26,0.124,1.72,1.6534,0.0,0.0,0.001941094492382613,0.00012451904012643895,1.4189851965247655e-08,0.036338868621828904,nan,nan,nan,range
"Electricity; at grid; consumption mix - PJM Interconnection, LLC - BA","Electricity; at grid; consumption mix - PJM Interconnection, LLC - BA","Electricity; at grid; consumption mix - PJM Interconnection, LLC - BA","rolling, slab","steelmaking, electric arc furnace","Electricity; at grid; consumption mix - PJM Interconnection, LLC - BA","ironmaking, blast furnace","Electricity; at grid; consumption mix - PJM Interconnection, LLC - BA",natural gas extraction and processing - Appalachian,"Electricity; at grid; consumption mix - PJM Interconnection, LLC - BA","ironmaking, blast furnace","Electricity; at grid; consumption mix - PJM Interconnection, LLC - BA","coal extraction and processing - Central Appalachia, BIT, Underground",0.03,0.04,0.115,0.343,0.275,4.76,0.01,0.138,0.04,0.874,0.56,0.03,0.5,0.01,0.507,0.12,9.9,1.3,0.01,0.027,0.15,0.1,0.071,0.074,1.093,0.26,0.124,1.72,1.647,0.0,0.0,0.0019278302325398938,0.0001238736628519682,1.4104769688512121e-08,0.03611425271147181,nan,nan,nan,range
"Electricity; at grid; consumption mix - PJM Interconnection, LLC - BA","Electricity; at grid; consumption mix - PJM Interconnection, LLC - BA","Electricity; at grid; consumption mix - PJM Interconnection, LLC - BA","rolling, slab","steelmaking, electric arc furnace","Electricity; at grid; consumption mix - PJM Interconnection, LLC - BA","ironmaking, blast furnace","Electricity; at grid; consumption mix - PJM Interconnection, LLC - BA",natural gas extraction and processing - Appalachian,"Electricity; at grid; consumption mix - PJM Interconnection, LLC - BA","ironmaking, blast furnace","Electricity; at grid; consumption mix - PJM Interconnection, LLC - BA","coal extraction and processing - Central Appalachia, BIT, Underground",0.03,0.046,0.21,0.343,0.275,4.76,0.01,0.138,0.04,0.874,0.56,0.03,0.5,0.01,0.507,0.12,9.9,1.3,0.01,0.027,0.15,0.1,0.071,0.074,1.093,0.26,0.124,1.72,1.6502,0.0,0.0,0.0019344623624612531,0.0001241963514892036,1.4147310826879891e-08,0.036226560666650365,nan,nan,nan,range
"Electricity; at grid; consumption mix - PJM Interconnection, LLC - BA","Electricity; at grid; consumption mix - PJM Interconnection, LLC - BA","Electricity; at grid; consumption mix - PJM Interconnection, LLC - BA","rolling, slab","steelmaking, electric arc furnace","Electricity; at grid; consumption mix - PJM Interconnection, LLC - BA","ironmaking, blast furnace","Electricity; at grid; consumption mix - PJM Interconnection, LLC - BA",natural gas extraction and processing - Appalachian,"Electricity; at grid; consumption mix - PJM Interconnection, LLC - BA","ironmaking, blast furnace","Electricity; at grid; consumption mix - PJM Interconnection, LLC - BA","coal extraction and processing - Central Appalachia, BIT, Underground",0.03,0.046,0.02,0.343,0.275,4.76,0.01,0.138,0.04,0.874,0.56,0.03,0.5,0.01,0.507,0.12,9.9,1.3,0.01,0.027,0.15,0.1,0.071,0.074,1.093,0.26,0.124,1.72,1.6502,0.0,0.0,0.0019344623624612531,0.0001241963514892036,1.4147310826879891e-08,0.036226560666650365,nan,nan,nan,range
"Electricity; at grid; consumption mix - PJM Interconnection, LLC - BA","Electricity; at grid; consumption mix - PJM Interconnection, LLC - BA","Electricity; at grid; consumption mix - PJM Interconnection, LLC - BA","rolling, slab","steelmaking, electric arc furnace","Electricity; at grid; consumption mix - PJM Interconnection, LLC - BA","ironmaking, blast furnace","Electricity; at grid; consumption mix - PJM Interconnection, LLC - BA",natural gas extraction and processing - Appalachian,"Electricity; at grid; consumption mix - PJM Interconnection, LLC - BA","ironmaking, blast furnace","Electricity; at grid; consumption mix - PJM Interconnection, LLC - BA","coal extraction and processing - Central Appalachia, BIT, Underground",0.03,0.046,0.115,0.276,0.275,4.76,0.01,0.138,0.04,0.874,0.56,0.03,0.5,0.01,0.507,0.12,9.9,1.3,0.01,0.027,0.15,0.1,0.071,0.074,1.093,0.26,0.124,1.72,1.6133,0.0,0.0,0.0018581818148157535,0.00012048489434660149,1.3658016833753273e-08,0.03493483200217189,nan,nan,nan,range
"Electricity; at grid; consumption mix - PJM Interconnection, LLC - BA","Electricity; at grid; consumption mix - PJM Interconnection, LLC - BA","Electricity; at grid; consumption mix - PJM Interconnection, LLC - BA","rolling, slab","steelmaking, electric arc furnace","Electricity; at grid; consumption mix - PJM Interconnection, LLC - BA","ironmaking, blast furnace","Electricity; at grid; consumption mix - PJM Interconnection, LLC - BA",natural gas extraction and processing - Appalachian,"Electricity; at grid; consumption mix - PJM Interconnection, LLC - BA","ironmaking, blast furnace","Electricity; at grid; consumption mix - PJM Interconnection, LLC - BA","coal extraction and processing - Central Appalachia, BIT, Underground",0.03,0.046,0.115,0.431,0.275,4.76,0.01,0.138,0.04,0.874,0.56,0.03,0.5,0.01,0.507,0.12,9.9,1.3,0.01,0.027,0.15,0.1,0.071,0.074,1.093,0.26,0.124,1.72,1.6986,0.0,0.0,0.002034651738473253,0.00012907110116903918,1.4789965623822306e-08,0.03792315950954748,nan,nan,nan,range
"Electricity; at grid; consumption mix - PJM Interconnection, LLC - BA","Electricity; at grid; consumption mix - PJM Interconnection, LLC - BA","Electricity; at grid; consumption mix - PJM Interconnection, LLC - BA","rolling, slab","steelmaking, electric arc furnace","Electricity; at grid; consumption mix - PJM Interconnection, LLC - BA","ironmaking, blast furnace","Electricity; at grid; consumption mix - PJM Interconnection, LLC - BA",natural gas extraction and processing - Appalachian,"Electricity; at grid; consumption mix - PJM Interconnection, LLC - BA","ironmaking, blast furnace","Electricity; at grid; consumption mix - PJM Interconnection, LLC - BA","coal extraction and processing - Central Appalachia, BIT, Underground",0.03,0.046,0.115,0.343, 0.183,4.76,0.01,0.138,0.04,0.874,0.56,0.03,0.5,0.01,0.507,0.12,9.9,1.3,0.01,0.027,0.15,0.1,0.071,0.074,1.093,0.26,0.124,1.72,1.6439,0.0,0.0,0.001962252302905622,0.00012610823098861573,1.4357931248744549e-08,0.03676171019436813,nan,nan,nan,range
"Electricity; at grid; consumption mix - PJM Interconnection, LLC - BA","Electricity; at grid; consumption mix - PJM Interconnection, LLC - BA","Electricity; at grid; consumption mix - PJM Interconnection, LLC - BA","rolling, slab","steelmaking, electric arc furnace","Electricity; at grid; consumption mix - PJM Interconnection, LLC - BA","ironmaking, blast furnace","Electricity; at grid; consumption mix - PJM Interconnection, LLC - BA",natural gas extraction and processing - Appalachian,"Electricity; at grid; consumption mix - PJM Interconnection, LLC - BA","ironmaking, blast furnace","Electricity; at grid; consumption mix - PJM Interconnection, LLC - BA","coal extraction and processing - Central Appalachia, BIT, Underground",0.03,0.046,0.115,0.343, 0.472,4.76,0.01,0.138,0.04,0.874,0.56,0.03,0.5,0.01,0.507,0.12,9.9,1.3,0.01,0.027,0.15,0.1,0.071,0.074,1.093,0.26,0.124,1.72,1.6628,0.0,0.0,0.0018782426150530534,0.00012032857124883077,1.3721220424133474e-08,0.03514393973285821,nan,nan,nan,range
"Electricity; at grid; consumption mix - PJM Interconnection, LLC - BA","Electricity; at grid; consumption mix - PJM Interconnection, LLC - BA","Electricity; at grid; consumption mix - PJM Interconnection, LLC - BA","rolling, slab","steelmaking, electric arc furnace","Electricity; at grid; consumption mix - PJM Interconnection, LLC - BA","ironmaking, blast furnace","Electricity; at grid; consumption mix - PJM Interconnection, LLC - BA",natural gas extraction and processing - Appalachian,"Electricity; at grid; consumption mix - PJM Interconnection, LLC - BA","ironmaking, blast furnace","Electricity; at grid; consumption mix - PJM Interconnection, LLC - BA","coal extraction and processing - Central Appalachia, BIT, Underground",0.03,0.046,0.115,0.343,0.275, 2.97,0.01,0.138,0.04,0.874,0.56,0.03,0.5,0.01,0.507,0.12,9.9,1.3,0.01,0.027,0.15,0.1,0.071,0.074,1.093,0.26,0.124,1.72,1.6608,0.0,0.0,0.0018868790720851872,0.00012092273823455517,1.3786676275943057e-08,0.03531025156469369,nan,nan,nan,range
"Electricity; at grid; consumption mix - PJM Interconnection, LLC - BA","Electricity; at grid; consumption mix - PJM Interconnection, LLC - BA","Electricity; at grid; consumption mix - PJM Interconnection, LLC - BA","rolling, slab","steelmaking, electric arc furnace","Electricity; at grid; consumption mix - PJM Interconnection, LLC - BA","ironmaking, blast furnace","Electricity; at grid; consumption mix - PJM Interconnection, LLC - BA",natural gas extraction and processing - Appalachian,"Electricity; at grid; consumption mix - PJM Interconnection, LLC - BA","ironmaking, blast furnace","Electricity; at grid; consumption mix - PJM Interconnection, LLC - BA","coal extraction and processing - Central Appalachia, BIT, Underground",0.03,0.046,0.115,0.343,0.275, 7.15,0.01,0.138,0.04,0.874,0.56,0.03,0.5,0.01,0.507,0.12,9.9,1.3,0.01,0.027,0.15,0.1,0.071,0.074,1.093,0.26,0.124,1.72,1.6439,0.0,0.0,0.0019622286350701058,0.00012610660269978904,1.435775186982465e-08,0.03676125442401396,nan,nan,nan,range
"Electricity; at grid; consumption mix - PJM Interconnection, LLC - BA","Electricity; at grid; consumption mix - PJM Interconnection, LLC - BA","Electricity; at grid; consumption mix - PJM Interconnection, LLC - BA","rolling, slab","steelmaking, electric arc furnace","Electricity; at grid; consumption mix - PJM Interconnection, LLC - BA","ironmaking, blast furnace","Electricity; at grid; consumption mix - PJM Interconnection, LLC - BA",natural gas extraction and processing - Appalachian,"Electricity; at grid; consumption mix - PJM Interconnection, LLC - BA","ironmaking, blast furnace","Electricity; at grid; consumption mix - PJM Interconnection, LLC - BA","coal extraction and processing - Central Appalachia, BIT, Underground",0.03,0.046,0.115,0.343,0.275,4.76,0.0105,0.138,0.04,0.874,0.56,0.03,0.5,0.01,0.507,0.12,9.9,1.3,0.01,0.027,0.15,0.1,0.071,0.074,1.093,0.26,0.124,1.72,1.6502,0.0,0.0,0.0019344623624612531,0.0001241963514892036,1.4147310826879891e-08,0.036226560666650365,nan,nan,nan,range
"Electricity; at grid; consumption mix - PJM Interconnection, LLC - BA","Electricity; at grid; consumption mix - PJM Interconnection, LLC - BA","Electricity; at grid; consumption mix - PJM Interconnection, LLC - BA","rolling, slab","steelmaking, electric arc furnace","Electricity; at grid; consumption mix - PJM Interconnection, LLC - BA","ironmaking, blast furnace","Electricity; at grid; consumption mix - PJM Interconnection, LLC - BA",natural gas extraction and processing - Appalachian,"Electricity; at grid; consumption mix - PJM Interconnection, LLC - BA","ironmaking, blast furnace","Electricity; at grid; consumption mix - PJM Interconnection, LLC - BA","coal extraction and processing - Central Appalachia, BIT, Underground",0.03,0.046,0.115,0.343,0.275,4.76,0.0095,0.138,0.04,0.874,0.56,0.03,0.5,0.01,0.507,0.12,9.9,1.3,0.01,0.027,0.15,0.1,0.071,0.074,1.093,0.26,0.124,1.72,1.6502,0.0,0.0,0.0019344623624612531,0.0001241963514892036,1.4147310826879891e-08,0.036226560666650365,nan,nan,nan,range
"Electricity; at grid; consumption mix - PJM Interconnection, LLC - BA","Electricity; at grid; consumption mix - PJM Interconnection, LLC - BA","Electricity; at grid; consumption mix - PJM Interconnection, LLC - BA","rolling, slab","steelmaking, electric arc furnace","Electricity; at grid; consumption mix - PJM Interconnection, LLC - BA","ironmaking, blast furnace","Electricity; at grid; consumption mix - PJM Interconnection, LLC - BA",natural gas extraction and processing - Appalachian,"Electricity; at grid; consumption mix - PJM Interconnection, LLC - BA","ironmaking, blast furnace","Electricity; at grid; consumption mix - PJM Interconnection, LLC - BA","coal extraction and processing - Central Appalachia, BIT, Underground",0.03,0.046,0.115,0.343,0.275,4.76,0.01,0.149,0.04,0.874,0.56,0.03,0.5,0.01,0.507,0.12,9.9,1.3,0.01,0.027,0.15,0.1,0.071,0.074,1.093,0.26,0.124,1.72,1.6559,0.0,0.0,0.0019463020205997112,0.00012477241426169655,1.4223255137541403e-08,0.03642705248621814,nan,nan,nan,range
"Electricity; at grid; consumption mix - PJM Interconnection, LLC - BA","Electricity; at grid; consumption mix - PJM Interconnection, LLC - BA","Electricity; at grid; consumption mix - PJM Interconnection, LLC - BA","rolling, slab","steelmaking, electric arc furnace","Electricity; at grid; consumption mix - PJM Interconnection, LLC - BA","ironmaking, blast furnace","Electricity; at grid; consumption mix - PJM Interconnection, LLC - BA",natural gas extraction and processing - Appalachian,"Electricity; at grid; consumption mix - PJM Interconnection, LLC - BA","ironmaking, blast furnace","Electricity; at grid; consumption mix - PJM Interconnection, LLC - BA","coal extraction and processing - Central Appalachia, BIT, Underground",0.03,0.046,0.115,0.343,0.275,4.76,0.01,0.127,0.04,0.874,0.56,0.03,0.5,0.01,0.507,0.12,9.9,1.3,0.01,0.027,0.15,0.1,0.071,0.074,1.093,0.26,0.124,1.72,1.6444,0.0,0.0,0.0019226227043227942,0.00012362028871671057,1.4071366516218367e-08,0.03602606884708257,nan,nan,nan,range
"Electricity; at grid; consumption mix - PJM Interconnection, LLC - BA","Electricity; at grid; consumption mix - PJM Interconnection, LLC - BA","Electricity; at grid; consumption mix - PJM Interconnection, LLC - BA","rolling, slab","steelmaking, electric arc furnace","Electricity; at grid; consumption mix - PJM Interconnection, LLC - BA","ironmaking, blast furnace","Electricity; at grid; consumption mix - PJM Interconnection, LLC - BA",natural gas extraction and processing - Appalachian,"Electricity; at grid; consumption mix - PJM Interconnection, LLC - BA","ironmaking, blast furnace","Electricity; at grid; consumption mix - PJM Interconnection, LLC - BA","coal extraction and processing - Central Appalachia, BIT, Underground",0.03,0.046,0.115,0.343,0.275,4.76,0.01,0.138,0.045,0.874,0.56,0.03,0.5,0.01,0.507,0.12,9.9,1.3,0.01,0.027,0.15,0.1,0.071,0.074,1.093,0.26,0.124,1.72,1.6528,0.0,0.0,0.001939844025251462,0.00012445819820397312,1.4181830968089668e-08,0.03631769331190845,nan,nan,nan,range
"Electricity; at grid; consumption mix - PJM Interconnection, LLC - BA","Electricity; at grid; consumption mix - PJM Interconnection, LLC - BA","Electricity; at grid; consumption mix - PJM Interconnection, LLC - BA","rolling, slab","steelmaking, electric arc furnace","Electricity; at grid; consumption mix - PJM Interconnection, LLC - BA","ironmaking, blast furnace","Electricity; at grid; consumption mix - PJM Interconnection, LLC - BA",natural gas extraction and processing - Appalachian,"Electricity; at grid; consumption mix - PJM Interconnection, LLC - BA","ironmaking, blast furnace","Electricity; at grid; consumption mix - PJM Interconnection, LLC - BA","coal extraction and processing - Central Appalachia, BIT, Underground",0.03,0.046,0.115,0.343,0.275,4.76,0.01,0.138,0.032,0.874,0.56,0.03,0.5,0.01,0.507,0.12,9.9,1.3,0.01,0.027,0.15,0.1,0.071,0.074,1.093,0.26,0.124,1.72,1.646,0.0,0.0,0.0019258517019969195,0.00012377739674557229,1.4092078600944237e-08,0.03608074843423743,nan,nan,nan,range
"Electricity; at grid; consumption mix - PJM Interconnection, LLC - BA","Electricity; at grid; consumption mix - PJM Interconnection, LLC - BA","Electricity; at grid; consumption mix - PJM Interconnection, LLC - BA","rolling, slab","steelmaking, electric arc furnace","Electricity; at grid; consumption mix - PJM Interconnection, LLC - BA","ironmaking, blast furnace","Electricity; at grid; consumption mix - PJM Interconnection, LLC - BA",natural gas extraction and processing - Appalachian,"Electricity; at grid; consumption mix - PJM Interconnection, LLC - BA","ironmaking, blast furnace","Electricity; at grid; consumption mix - PJM Interconnection, LLC - BA","coal extraction and processing - Central Appalachia, BIT, Underground",0.03,0.046,0.115,0.343,0.275,4.76,0.01,0.138,0.04,0.6992,0.56,0.03,0.5,0.01,0.507,0.12,9.9,1.3,0.01,0.027,0.15,0.1,0.071,0.074,1.093,0.26,0.124,1.72,1.6381,0.0,0.0,0.00191408749968984,0.00012275810862192883,1.4146790295577057e-08,0.03552439852627921,nan,nan,nan,range
"Electricity; at grid; consumption mix - PJM Interconnection, LLC - BA","Electricity; at grid; consumption mix - PJM Interconnection, LLC - BA","Electricity; at grid; consumption mix - PJM Interconnection, LLC - BA","rolling, slab","steelmaking, electric arc furnace","Electricity; at grid; consumption mix - PJM Interconnection, LLC - BA","ironmaking, blast furnace","Electricity; at grid; consumption mix - PJM Interconnection, LLC - BA",natural gas extraction and processing - Appalachian,"Electricity; at grid; consumption mix - PJM Interconnection, LLC - BA","ironmaking, blast furnace","Electricity; at grid; consumption mix - PJM Interconnection, LLC - BA","coal extraction and processing - Central Appalachia, BIT, Underground",0.03,0.046,0.115,0.343,0.275,4.76,0.01,0.138,0.04,1.0488,0.56,0.03,0.5,0.01,0.507,0.12,9.9,1.3,0.01,0.027,0.15,0.1,0.071,0.074,1.093,0.26,0.124,1.72,1.6622,0.0,0.0,0.0019548372252326664,0.00012563459435647832,1.4147831358182726e-08,0.03692872280702151,nan,nan,nan,range
"Electricity; at grid; consumption mix - PJM Interconnection, LLC - BA","Electricity; at grid; consumption mix - PJM Interconnection, LLC - BA","Electricity; at grid; consumption mix - PJM Interconnection, LLC - BA","rolling, slab","steelmaking, electric arc furnace","Electricity; at grid; consumption mix - PJM Interconnection, LLC - BA","ironmaking, blast furnace","Electricity; at grid; consumption mix - PJM Interconnection, LLC - BA",natural gas extraction and processing - Appalachian,"Electricity; at grid; consumption mix - PJM Interconnection, LLC - BA","ironmaking, blast furnace","Electricity; at grid; consumption mix - PJM Interconnection, LLC - BA","coal extraction and processing - Central Appalachia, BIT, Underground",0.03,0.046,0.115,0.343,0.275,4.76,0.01,0.138,0.04,0.874,0.44,0.03,0.5,0.01,0.507,0.12,9.9,1.3,0.01,0.027,0.15,0.1,0.071,0.074,1.093,0.26,0.124,1.72,1.8761,0.0,0.0,0.002059135467162936,0.00013476135986733063,1.4864511309005038e-08,0.03877688196825457,nan,nan,nan,range
"Electricity; at grid; consumption mix - PJM Interconnection, LLC - BA","Electricity; at grid; consumption mix - PJM Interconnection, LLC - BA","Electricity; at grid; consumption mix - PJM Interconnection, LLC - BA","rolling, slab","steelmaking, electric arc furnace","Electricity; at grid; consumption mix - PJM Interconnection, LLC - BA","ironmaking, blast furnace","Electricity; at grid; consumption mix - PJM Interconnection, LLC - BA",natural gas extraction and processing - Appalachian,"Electricity; at grid; consumption mix - PJM Interconnection, LLC - BA","ironmaking, blast furnace","Electricity; at grid; consumption mix - PJM Interconnection, LLC - BA","coal extraction and processing - Central Appalachia, BIT, Underground",0.03,0.046,0.115,0.343,0.275,4.76,0.01,0.138,0.04,0.874,0.92,0.03,0.5,0.01,0.507,0.12,9.9,1.3,0.01,0.027,0.15,0.1,0.071,0.074,1.093,0.26,0.124,1.72,0.9725,0.0,0.0,0.0015604430483562078,9.250132635482251e-05,1.199570938050441e-08,0.028575596761837786,nan,nan,nan,range
"Electricity; at grid; consumption mix - PJM Interconnection, LLC - BA","Electricity; at grid; consumption mix - PJM Interconnection, LLC - BA","Electricity; at grid; consumption mix - PJM Interconnection, LLC - BA","rolling, slab","steelmaking, electric arc furnace","Electricity; at grid; consumption mix - PJM Interconnection, LLC - BA","ironmaking, blast furnace","Electricity; at grid; consumption mix - PJM Interconnection, LLC - BA",natural gas extraction and processing - Appalachian,"Electricity; at grid; consumption mix - PJM Interconnection, LLC - BA","ironmaking, blast furnace","Electricity; at grid; consumption mix - PJM Interconnection, LLC - BA","coal extraction and processing - Central Appalachia, BIT, Underground",0.03,0.046,0.115,0.343,0.275,4.76,0.01,0.138,0.04,0.874,0.56,0.05,0.5,0.01,0.507,0.12,9.9,1.3,0.01,0.027,0.15,0.1,0.071,0.074,1.093,0.26,0.124,1.72,1.6663,0.0,0.0,0.0019433387647377494,0.00012494855273295375,1.4198373644377478e-08,0.03640813694055099,nan,nan,nan,range
"Electricity; at grid; consumption mix - PJM Interconnection, LLC - BA","Electricity; at grid; consumption mix - PJM Interconnection, LLC - BA","Electricity; at grid; consumption mix - PJM Interconnection, LLC - BA","rolling, slab","steelmaking, electric arc furnace","Electricity; at grid; consumption mix - PJM Interconnection, LLC - BA","ironmaking, blast furnace","Electricity; at grid; consumption mix - PJM Interconnection, LLC - BA",natural gas extraction and processing - Appalachian,"Electricity; at grid; consumption mix - PJM Interconnection, LLC - BA","ironmaking, blast furnace","Electricity; at grid; consumption mix - PJM Interconnection, LLC - BA","coal extraction and processing - Central Appalachia, BIT, Underground",0.03,0.046,0.115,0.343,0.275,4.76,0.01,0.138,0.04,0.874,0.56,0.01,0.5,0.01,0.507,0.12,9.9,1.3,0.01,0.027,0.15,0.1,0.071,0.074,1.093,0.26,0.124,1.72,1.6341,0.0,0.0,0.0019255859601847586,0.00012344415024545345,1.4096248009382307e-08,0.036044984392749745,nan,nan,nan,range
"Electricity; at grid; consumption mix - PJM Interconnection, LLC - BA","Electricity; at grid; consumption mix - PJM Interconnection, LLC - BA","Electricity; at grid; consumption mix - PJM Interconnection, LLC - BA","rolling, slab","steelmaking, electric arc furnace","Electricity; at grid; consumption mix - PJM Interconnection, LLC - BA","ironmaking, blast furnace","Electricity; at grid; consumption mix - PJM Interconnection, LLC - BA",natural gas extraction and processing - Appalachian,"Electricity; at grid; consumption mix - PJM Interconnection, LLC - BA","ironmaking, blast furnace","Electricity; at grid; consumption mix - PJM Interconnection, LLC - BA","coal extraction and processing - Central Appalachia, BIT, Underground",0.03,0.046,0.115,0.343,0.275,4.76,0.01,0.138,0.04,0.874,0.56,0.03,0.35,0.01,0.507,0.12,9.9,1.3,0.01,0.027,0.15,0.1,0.071,0.074,1.093,0.26,0.124,1.72,1.5721,0.0,0.0,0.0017730124787549975,0.00011634095004611742,1.3111706590586477e-08,0.03349258130890788,nan,nan,nan,range
"Electricity; at grid; consumption mix - PJM Interconnection, LLC - BA","Electricity; at grid; consumption mix - PJM Interconnection, LLC - BA","Electricity; at grid; consumption mix - PJM Interconnection, LLC - BA","rolling, slab","steelmaking, electric arc furnace","Electricity; at grid; consumption mix - PJM Interconnection, LLC - BA","ironmaking, blast furnace","Electricity; at grid; consumption mix - PJM Interconnection, LLC - BA",natural gas extraction and processing - Appalachian,"Electricity; at grid; consumption mix - PJM Interconnection, LLC - BA","ironmaking, blast furnace","Electricity; at grid; consumption mix - PJM Interconnection, LLC - BA","coal extraction and processing - Central Appalachia, BIT, Underground",0.03,0.046,0.115,0.343,0.275,4.76,0.01,0.138,0.04,0.874,0.56,0.03,0.7,0.01,0.507,0.12,9.9,1.3,0.01,0.027,0.15,0.1,0.071,0.074,1.093,0.26,0.124,1.72,1.7543,0.0,0.0,0.002149728874069594,0.00013467022007998512,1.5528116475271102e-08,0.03987186647697367,nan,nan,nan,range
"Electricity; at grid; consumption mix - PJM Interconnection, LLC - BA","Electricity; at grid; consumption mix - PJM Interconnection, LLC - BA","Electricity; at grid; consumption mix - PJM Interconnection, LLC - BA","rolling, slab","steelmaking, electric arc furnace","Electricity; at grid; consumption mix - PJM Interconnection, LLC - BA","ironmaking, blast furnace","Electricity; at grid; consumption mix - PJM Interconnection, LLC - BA",natural gas extraction and processing - Appalachian,"Electricity; at grid; consumption mix - PJM Interconnection, LLC - BA","ironmaking, blast furnace","Electricity; at grid; consumption mix - PJM Interconnection, LLC - BA","coal extraction and processing - Central Appalachia, BIT, Underground",0.03,0.046,0.115,0.343,0.275,4.76,0.01,0.138,0.04,0.874,0.56,0.03,0.5,0.0105,0.507,0.12,9.9,1.3,0.01,0.027,0.15,0.1,0.071,0.074,1.093,0.26,0.124,1.72,1.6507,0.0,0.0,0.0019344623624612531,0.0001241963514892036,1.4147310826879891e-08,0.036226560666650365,nan,nan,nan,range
"Electricity; at grid; consumption mix - PJM Interconnection, LLC - BA","Electricity; at grid; consumption mix - PJM Interconnection, LLC - BA","Electricity; at grid; consumption mix - PJM Interconnection, LLC - BA","rolling, slab","steelmaking, electric arc furnace","Electricity; at grid; consumption mix - PJM Interconnection, LLC - BA","ironmaking, blast furnace","Electricity; at grid; consumption mix - PJM Interconnection, LLC - BA",natural gas extraction and processing - Appalachian,"Electricity; at grid; consumption mix - PJM Interconnection, LLC - BA","ironmaking, blast furnace","Electricity; at grid; consumption mix - PJM Interconnection, LLC - BA","coal extraction and processing - Central Appalachia, BIT, Underground",0.03,0.046,0.115,0.343,0.275,4.76,0.01,0.138,0.04,0.874,0.56,0.03,0.5,0.0095,0.507,0.12,9.9,1.3,0.01,0.027,0.15,0.1,0.071,0.074,1.093,0.26,0.124,1.72,1.6497,0.0,0.0,0.0019344623624612531,0.0001241963514892036,1.4147310826879891e-08,0.036226560666650365,nan,nan,nan,range
"Electricity; at grid; consumption mix - PJM Interconnection, LLC - BA","Electricity; at grid; consumption mix - PJM Interconnection, LLC - BA","Electricity; at grid; consumption mix - PJM Interconnection, LLC - BA","rolling, slab","steelmaking, electric arc furnace","Electricity; at grid; consumption mix - PJM Interconnection, LLC - BA","ironmaking, blast furnace","Electricity; at grid; consumption mix - PJM Interconnection, LLC - BA",natural gas extraction and processing - Appalachian,"Electricity; at grid; consumption mix - PJM Interconnection, LLC - BA","ironmaking, blast furnace","Electricity; at grid; consumption mix - PJM Interconnection, LLC - BA","coal extraction and processing - Central Appalachia, BIT, Underground",0.03,0.046,0.115,0.343,0.275,4.76,0.01,0.138,0.04,0.874,0.56,0.03,0.5,0.01,0.532,0.12,9.9,1.3,0.01,0.027,0.15,0.1,0.071,0.074,1.093,0.26,0.124,1.72,1.6502,0.0,0.0,0.0019344623624612531,0.0001241963514892036,1.4147310826879891e-08,0.036226560666650365,nan,nan,nan,range
"Electricity; at grid; consumption mix - PJM Interconnection, LLC - BA","Electricity; at grid; consumption mix - PJM Interconnection, LLC - BA","Electricity; at grid; consumption mix - PJM Interconnection, LLC - BA","rolling, slab","steelmaking, electric arc furnace","Electricity; at grid; consumption mix - PJM Interconnection, LLC - BA","ironmaking, blast furnace","Electricity; at grid; consumption mix - PJM Interconnection, LLC - BA",natural gas extraction and processing - Appalachian,"Electricity; at grid; consumption mix - PJM Interconnection, LLC - BA","ironmaking, blast furnace","Electricity; at grid; consumption mix - PJM Interconnection, LLC - BA","coal extraction and processing - Central Appalachia, BIT, Underground",0.03,0.046,0.115,0.343,0.275,4.76,0.01,0.138,0.04,0.874,0.56,0.03,0.5,0.01,0.482,0.12,9.9,1.3,0.01,0.027,0.15,0.1,0.071,0.074,1.093,0.26,0.124,1.72,1.6502,0.0,0.0,0.0019344623624612531,0.0001241963514892036,1.4147310826879891e-08,0.036226560666650365,nan,nan,nan,range
"Electricity; at grid; consumption mix - PJM Interconnection, LLC - BA","Electricity; at grid; consumption mix - PJM Interconnection, LLC - BA","Electricity; at grid; consumption mix - PJM Interconnection, LLC - BA","rolling, slab","steelmaking, electric arc furnace","Electricity; at grid; consumption mix - PJM Interconnection, LLC - BA","ironmaking, blast furnace","Electricity; at grid; consumption mix - PJM Interconnection, LLC - BA",natural gas extraction and processing - Appalachian,"Electricity; at grid; consumption mix - PJM Interconnection, LLC - BA","ironmaking, blast furnace","Electricity; at grid; consumption mix - PJM Interconnection, LLC - BA","coal extraction and processing - Central Appalachia, BIT, Underground",0.03,0.046,0.115,0.343,0.275,4.76,0.01,0.138,0.04,0.874,0.56,0.03,0.5,0.01,0.507,0.126,9.9,1.3,0.01,0.027,0.15,0.1,0.071,0.074,1.093,0.26,0.124,1.72,1.6502,0.0,0.0,0.0019344623624612531,0.0001241963514892036,1.4147310826879891e-08,0.036226560666650365,nan,nan,nan,range
"Electricity; at grid; consumption mix - PJM Interconnection, LLC - BA","Electricity; at grid; consumption mix - PJM Interconnection, LLC - BA","Electricity; at grid; consumption mix - PJM Interconnection, LLC - BA","rolling, slab","steelmaking, electric arc furnace","Electricity; at grid; consumption mix - PJM Interconnection, LLC - BA","ironmaking, blast furnace","Electricity; at grid; consumption mix - PJM Interconnection, LLC - BA",natural gas extraction and processing - Appalachian,"Electricity; at grid; consumption mix - PJM Interconnection, LLC - BA","ironmaking, blast furnace","Electricity; at grid; consumption mix - PJM Interconnection, LLC - BA","coal extraction and processing - Central Appalachia, BIT, Underground",0.03,0.046,0.115,0.343,0.275,4.76,0.01,0.138,0.04,0.874,0.56,0.03,0.5,0.01,0.507,0.114,9.9,1.3,0.01,0.027,0.15,0.1,0.071,0.074,1.093,0.26,0.124,1.72,1.6502,0.0,0.0,0.0019344623624612531,0.0001241963514892036,1.4147310826879891e-08,0.036226560666650365,nan,nan,nan,range
"Electricity; at grid; consumption mix - PJM Interconnection, LLC - BA","Electricity; at grid; consumption mix - PJM Interconnection, LLC - BA","Electricity; at grid; consumption mix - PJM Interconnection, LLC - BA","rolling, slab","steelmaking, electric arc furnace","Electricity; at grid; consumption mix - PJM Interconnection, LLC - BA","ironmaking, blast furnace","Electricity; at grid; consumption mix - PJM Interconnection, LLC - BA",natural gas extraction and processing - Appalachian,"Electricity; at grid; consumption mix - PJM Interconnection, LLC - BA","ironmaking, blast furnace","Electricity; at grid; consumption mix - PJM Interconnection, LLC - BA","coal extraction and processing - Central Appalachia, BIT, Underground",0.03,0.046,0.115,0.343,0.275,4.76,0.01,0.138,0.04,0.874,0.56,0.03,0.5,0.01,0.507,0.12,10.395,1.3,0.01,0.027,0.15,0.1,0.071,0.074,1.093,0.26,0.124,1.72,1.6502,0.0,0.0,0.0019344623624612531,0.0001241963514892036,1.4147310826879891e-08,0.036226560666650365,nan,nan,nan,range
"Electricity; at grid; consumption mix - PJM Interconnection, LLC - BA","Electricity; at grid; consumption mix - PJM Interconnection, LLC - BA","Electricity; at grid; consumption mix - PJM Interconnection, LLC - BA","rolling, slab","steelmaking, electric arc furnace","Electricity; at grid; consumption mix - PJM Interconnection, LLC - BA","ironmaking, blast furnace","Electricity; at grid; consumption mix - PJM Interconnection, LLC - BA",natural gas extraction and processing - Appalachian,"Electricity; at grid; consumption mix - PJM Interconnection, LLC - BA","ironmaking, blast furnace","Electricity; at grid; consumption mix - PJM Interconnection, LLC - BA","coal extraction and processing - Central Appalachia, BIT, Underground",0.03,0.046,0.115,0.343,0.275,4.76,0.01,0.138,0.04,0.874,0.56,0.03,0.5,0.01,0.507,0.12,9.405,1.3,0.01,0.027,0.15,0.1,0.071,0.074,1.093,0.26,0.124,1.72,1.6502,0.0,0.0,0.0019344623624612531,0.0001241963514892036,1.4147310826879891e-08,0.036226560666650365,nan,nan,nan,range
"Electricity; at grid; consumption mix - PJM Interconnection, LLC - BA","Electricity; at grid; consumption mix - PJM Interconnection, LLC - BA","Electricity; at grid; consumption mix - PJM Interconnection, LLC - BA","rolling, slab","steelmaking, electric arc furnace","Electricity; at grid; consumption mix - PJM Interconnection, LLC - BA","ironmaking, blast furnace","Electricity; at grid; consumption mix - PJM Interconnection, LLC - BA",natural gas extraction and processing - Appalachian,"Electricity; at grid; consumption mix - PJM Interconnection, LLC - BA","ironmaking, blast furnace","Electricity; at grid; consumption mix - PJM Interconnection, LLC - BA","coal extraction and processing - Central Appalachia, BIT, Underground",0.03,0.046,0.115,0.343,0.275,4.76,0.01,0.138,0.04,0.874,0.56,0.03,0.5,0.01,0.507,0.12,9.9,1.365,0.01,0.027,0.15,0.1,0.071,0.074,1.093,0.26,0.124,1.72,1.6502,0.0,0.0,0.0019344623624612531,0.0001241963514892036,1.4147310826879891e-08,0.036226560666650365,nan,nan,nan,range
"Electricity; at grid; consumption mix - PJM Interconnection, LLC - BA","Electricity; at grid; consumption mix - PJM Interconnection, LLC - BA","Electricity; at grid; consumption mix - PJM Interconnection, LLC - BA","rolling, slab","steelmaking, electric arc furnace","Electricity; at grid; consumption mix - PJM Interconnection, LLC - BA","ironmaking, blast furnace","Electricity; at grid; consumption mix - PJM Interconnection, LLC - BA",natural gas extraction and processing - Appalachian,"Electricity; at grid; consumption mix - PJM Interconnection, LLC - BA","ironmaking, blast furnace","Electricity; at grid; consumption mix - PJM Interconnection, LLC - BA","coal extraction and processing - Central Appalachia, BIT, Underground",0.03,0.046,0.115,0.343,0.275,4.76,0.01,0.138,0.04,0.874,0.56,0.03,0.5,0.01,0.507,0.12,9.9,1.235,0.01,0.027,0.15,0.1,0.071,0.074,1.093,0.26,0.124,1.72,1.6502,0.0,0.0,0.0019344623624612531,0.0001241963514892036,1.4147310826879891e-08,0.036226560666650365,nan,nan,nan,range
"Electricity; at grid; consumption mix - PJM Interconnection, LLC - BA","Electricity; at grid; consumption mix - PJM Interconnection, LLC - BA","Electricity; at grid; consumption mix - PJM Interconnection, LLC - BA","rolling, slab","steelmaking, electric arc furnace","Electricity; at grid; consumption mix - PJM Interconnection, LLC - BA","ironmaking, blast furnace","Electricity; at grid; consumption mix - PJM Interconnection, LLC - BA",natural gas extraction and processing - Appalachian,"Electricity; at grid; consumption mix - PJM Interconnection, LLC - BA","ironmaking, blast furnace","Electricity; at grid; consumption mix - PJM Interconnection, LLC - BA","coal extraction and processing - Central Appalachia, BIT, Underground",0.03,0.046,0.115,0.343,0.275,4.76,0.01,0.138,0.04,0.874,0.56,0.03,0.5,0.01,0.507,0.12,9.9,1.3,0.0105,0.027,0.15,0.1,0.071,0.074,1.093,0.26,0.124,1.72,1.6502,0.0,0.0,0.0019344623624612531,0.0001241963514892036,1.4147310826879891e-08,0.036226560666650365,nan,nan,nan,range
"Electricity; at grid; consumption mix - PJM Interconnection, LLC - BA","Electricity; at grid; consumption mix - PJM Interconnection, LLC - BA","Electricity; at grid; consumption mix - PJM Interconnection, LLC - BA","rolling, slab","steelmaking, electric arc furnace","Electricity; at grid; consumption mix - PJM Interconnection, LLC - BA","ironmaking, blast furnace","Electricity; at grid; consumption mix - PJM Interconnection, LLC - BA",natural gas extraction and processing - Appalachian,"Electricity; at grid; consumption mix - PJM Interconnection, LLC - BA","ironmaking, blast furnace","Electricity; at grid; consumption mix - PJM Interconnection, LLC - BA","coal extraction and processing - Central Appalachia, BIT, Underground",0.03,0.046,0.115,0.343,0.275,4.76,0.01,0.138,0.04,0.874,0.56,0.03,0.5,0.01,0.507,0.12,9.9,1.3,0.0095,0.027,0.15,0.1,0.071,0.074,1.093,0.26,0.124,1.72,1.6502,0.0,0.0,0.0019344623624612531,0.0001241963514892036,1.4147310826879891e-08,0.036226560666650365,nan,nan,nan,range
"Electricity; at grid; consumption mix - PJM Interconnection, LLC - BA","Electricity; at grid; consumption mix - PJM Interconnection, LLC - BA","Electricity; at grid; consumption mix - PJM Interconnection, LLC - BA","rolling, slab","steelmaking, electric arc furnace","Electricity; at grid; consumption mix - PJM Interconnection, LLC - BA","ironmaking, blast furnace","Electricity; at grid; consumption mix - PJM Interconnection, LLC - BA",natural gas extraction and processing - Appalachian,"Electricity; at grid; consumption mix - PJM Interconnection, LLC - BA","ironmaking, blast furnace","Electricity; at grid; consumption mix - PJM Interconnection, LLC - BA","coal extraction and processing - Central Appalachia, BIT, Underground",0.03,0.046,0.115,0.343,0.275,4.76,0.01,0.138,0.04,0.874,0.56,0.03,0.5,0.01,0.507,0.12,9.9,1.3,0.01,0.017,0.15,0.1,0.071,0.074,1.093,0.26,0.124,1.72,1.6502,0.0,0.0,0.0019344623624612531,0.0001241963514892036,1.4147310826879891e-08,0.036226560666650365,nan,nan,nan,range
"Electricity; at grid; consumption mix - PJM Interconnection, LLC - BA","Electricity; at grid; consumption mix - PJM Interconnection, LLC - BA","Electricity; at grid; consumption mix - PJM Interconnection, LLC - BA","rolling, slab","steelmaking, electric arc furnace","Electricity; at grid; consumption mix - PJM Interconnection, LLC - BA","ironmaking, blast furnace","Electricity; at grid; consumption mix - PJM Interconnection, LLC - BA",natural gas extraction and processing - Appalachian,"Electricity; at grid; consumption mix - PJM Interconnection, LLC - BA","ironmaking, blast furnace","Electricity; at grid; consumption mix - PJM Interconnection, LLC - BA","coal extraction and processing - Central Appalachia, BIT, Underground",0.03,0.046,0.115,0.343,0.275,4.76,0.01,0.138,0.04,0.874,0.56,0.03,0.5,0.01,0.507,0.12,9.9,1.3,0.01,0.054,0.15,0.1,0.071,0.074,1.093,0.26,0.124,1.72,1.6502,0.0,0.0,0.0019344623624612531,0.0001241963514892036,1.4147310826879891e-08,0.036226560666650365,nan,nan,nan,range
"Electricity; at grid; consumption mix - PJM Interconnection, LLC - BA","Electricity; at grid; consumption mix - PJM Interconnection, LLC - BA","Electricity; at grid; consumption mix - PJM Interconnection, LLC - BA","rolling, slab","steelmaking, electric arc furnace","Electricity; at grid; consumption mix - PJM Interconnection, LLC - BA","ironmaking, blast furnace","Electricity; at grid; consumption mix - PJM Interconnection, LLC - BA",natural gas extraction and processing - Appalachian,"Electricity; at grid; consumption mix - PJM Interconnection, LLC - BA","ironmaking, blast furnace","Electricity; at grid; consumption mix - PJM Interconnection, LLC - BA","coal extraction and processing - Central Appalachia, BIT, Underground",0.03,0.046,0.115,0.343,0.275,4.76,0.01,0.138,0.04,0.874,0.56,0.03,0.5,0.01,0.507,0.12,9.9,1.3,0.01,0.027,0.0,0.1,0.071,0.074,1.093,0.26,0.124,1.72,1.6502,0.0,0.0,0.0019344623624612531,0.0001241963514892036,1.4147310826879891e-08,0.036226560666650365,nan,nan,nan,range
"Electricity; at grid; consumption mix - PJM Interconnection, LLC - BA","Electricity; at grid; consumption mix - PJM Interconnection, LLC - BA","Electricity; at grid; consumption mix - PJM Interconnection, LLC - BA","rolling, slab","steelmaking, electric arc furnace","Electricity; at grid; consumption mix - PJM Interconnection, LLC - BA","ironmaking, blast furnace","Electricity; at grid; consumption mix - PJM Interconnection, LLC - BA",natural gas extraction and processing - Appalachian,"Electricity; at grid; consumption mix - PJM Interconnection, LLC - BA","ironmaking, blast furnace","Electricity; at grid; consumption mix - PJM Interconnection, LLC - BA","coal extraction and processing - Central Appalachia, BIT, Underground",0.03,0.046,0.115,0.343,0.275,4.76,0.01,0.138,0.04,0.874,0.56,0.03,0.5,0.01,0.507,0.12,9.9,1.3,0.01,0.027,0.3,0.1,0.071,0.074,1.093,0.26,0.124,1.72,1.6502,0.0,0.0,0.0019344623624612531,0.0001241963514892036,1.4147310826879891e-08,0.036226560666650365,nan,nan,nan,range
"Electricity; at grid; consumption mix - PJM Interconnection, LLC - BA","Electricity; at grid; consumption mix - PJM Interconnection, LLC - BA","Electricity; at grid; consumption mix - PJM Interconnection, LLC - BA","rolling, slab","steelmaking, electric arc furnace","Electricity; at grid; consumption mix - PJM Interconnection, LLC - BA","ironmaking, blast furnace","Electricity; at grid; consumption mix - PJM Interconnection, LLC - BA",natural gas extraction and processing - Appalachian,"Electricity; at grid; consumption mix - PJM Interconnection, LLC - BA","ironmaking, blast furnace","Electricity; at grid; consumption mix - PJM Interconnection, LLC - BA","coal extraction and processing - Central Appalachia, BIT, Underground",0.03,0.046,0.115,0.343,0.275,4.76,0.01,0.138,0.04,0.874,0.56,0.03,0.5,0.01,0.507,0.12,9.9,1.3,0.01,0.027,0.15,0.15,0.071,0.074,1.093,0.26,0.124,1.72,1.6502,0.0,0.0,0.0019344623624612531,0.0001241963514892036,1.4147310826879891e-08,0.036226560666650365,nan,nan,nan,range
"Electricity; at grid; consumption mix - PJM Interconnection, LLC - BA","Electricity; at grid; consumption mix - PJM Interconnection, LLC - BA","Electricity; at grid; consumption mix - PJM Interconnection, LLC - BA","rolling, slab","steelmaking, electric arc furnace","Electricity; at grid; consumption mix - PJM Interconnection, LLC - BA","ironmaking, blast furnace","Electricity; at grid; consumption mix - PJM Interconnection, LLC - BA",natural gas extraction and processing - Appalachian,"Electricity; at grid; consumption mix - PJM Interconnection, LLC - BA","ironmaking, blast furnace","Electricity; at grid; consumption mix - PJM Interconnection, LLC - BA","coal extraction and processing - Central Appalachia, BIT, Underground",0.03,0.046,0.115,0.343,0.275,4.76,0.01,0.138,0.04,0.874,0.56,0.03,0.5,0.01,0.507,0.12,9.9,1.3,0.01,0.027,0.15,0.05,0.071,0.074,1.093,0.26,0.124,1.72,1.6502,0.0,0.0,0.0019344623624612531,0.0001241963514892036,1.4147310826879891e-08,0.036226560666650365,nan,nan,nan,range
"Electricity; at grid; consumption mix - PJM Interconnection, LLC - BA","Electricity; at grid; consumption mix - PJM Interconnection, LLC - BA","Electricity; at grid; consumption mix - PJM Interconnection, LLC - BA","rolling, slab","steelmaking, electric arc furnace","Electricity; at grid; consumption mix - PJM Interconnection, LLC - BA","ironmaking, blast furnace","Electricity; at grid; consumption mix - PJM Interconnection, LLC - BA",natural gas extraction and processing - Appalachian,"Electricity; at grid; consumption mix - PJM Interconnection, LLC - BA","ironmaking, blast furnace","Electricity; at grid; consumption mix - PJM Interconnection, LLC - BA","coal extraction and processing - Central Appalachia, BIT, Underground",0.03,0.046,0.115,0.343,0.275,4.76,0.01,0.138,0.04,0.874,0.56,0.03,0.5,0.01,0.507,0.12,9.9,1.3,0.01,0.027,0.15,0.1,0.024,0.074,1.093,0.26,0.124,1.72,1.6502,0.0,0.0,0.0019344623624612531,0.0001241963514892036,1.4147310826879891e-08,0.036226560666650365,nan,nan,nan,range
"Electricity; at grid; consumption mix - PJM Interconnection, LLC - BA","Electricity; at grid; consumption mix - PJM Interconnection, LLC - BA","Electricity; at grid; consumption mix - PJM Interconnection, LLC - BA","rolling, slab","steelmaking, electric arc furnace","Electricity; at grid; consumption mix - PJM Interconnection, LLC - BA","ironmaking, blast furnace","Electricity; at grid; consumption mix - PJM Interconnection, LLC - BA",natural gas extraction and processing - Appalachian,"Electricity; at grid; consumption mix - PJM Interconnection, LLC - BA","ironmaking, blast furnace","Electricity; at grid; consumption mix - PJM Interconnection, LLC - BA","coal extraction and processing - Central Appalachia, BIT, Underground",0.03,0.046,0.115,0.343,0.275,4.76,0.01,0.138,0.04,0.874,0.56,0.03,0.5,0.01,0.507,0.12,9.9,1.3,0.01,0.027,0.15,0.1,0.118,0.074,1.093,0.26,0.124,1.72,1.6502,0.0,0.0,0.0019344623624612531,0.0001241963514892036,1.4147310826879891e-08,0.036226560666650365,nan,nan,nan,range
"Electricity; at grid; consumption mix - PJM Interconnection, LLC - BA","Electricity; at grid; consumption mix - PJM Interconnection, LLC - BA","Electricity; at grid; consumption mix - PJM Interconnection, LLC - BA","rolling, slab","steelmaking, electric arc furnace","Electricity; at grid; consumption mix - PJM Interconnection, LLC - BA","ironmaking, blast furnace","Electricity; at grid; consumption mix - PJM Interconnection, LLC - BA",natural gas extraction and processing - Appalachian,"Electricity; at grid; consumption mix - PJM Interconnection, LLC - BA","ironmaking, blast furnace","Electricity; at grid; consumption mix - PJM Interconnection, LLC - BA","coal extraction and processing - Central Appalachia, BIT, Underground",0.03,0.046,0.115,0.343,0.275,4.76,0.01,0.138,0.04,0.874,0.56,0.03,0.5,0.01,0.507,0.12,9.9,1.3,0.01,0.027,0.15,0.1,0.071,0.029,1.093,0.26,0.124,1.72,1.6396,0.0,0.0,0.001912511636272551,0.0001231283311090016,1.400651007491344e-08,0.03585484883317169,nan,nan,nan,range
"Electricity; at grid; consumption mix - PJM Interconnection, LLC - BA","Electricity; at grid; consumption mix - PJM Interconnection, LLC - BA","Electricity; at grid; consumption mix - PJM Interconnection, LLC - BA","rolling, slab","steelmaking, electric arc furnace","Electricity; at grid; consumption mix - PJM Interconnection, LLC - BA","ironmaking, blast furnace","Electricity; at grid; consumption mix - PJM Interconnection, LLC - BA",natural gas extraction and processing - Appalachian,"Electricity; at grid; consumption mix - PJM Interconnection, LLC - BA","ironmaking, blast furnace","Electricity; at grid; consumption mix - PJM Interconnection, LLC - BA","coal extraction and processing - Central Appalachia, BIT, Underground",0.03,0.046,0.115,0.343,0.275,4.76,0.01,0.138,0.04,0.874,0.56,0.03,0.5,0.01,0.507,0.12,9.9,1.3,0.01,0.027,0.15,0.1,0.071,0.119,1.093,0.26,0.124,1.72,1.6608,0.0,0.0,0.001956413088649955,0.00012526437186940553,1.4288111578846338e-08,0.036598272500129016,nan,nan,nan,range
"Electricity; at grid; consumption mix - PJM Interconnection, LLC - BA","Electricity; at grid; consumption mix - PJM Interconnection, LLC - BA","Electricity; at grid; consumption mix - PJM Interconnection, LLC - BA","rolling, slab","steelmaking, electric arc furnace","Electricity; at grid; consumption mix - PJM Interconnection, LLC - BA","ironmaking, blast furnace","Electricity; at grid; consumption mix - PJM Interconnection, LLC - BA",natural gas extraction and processing - Appalachian,"Electricity; at grid; consumption mix - PJM Interconnection, LLC - BA","ironmaking, blast furnace","Electricity; at grid; consumption mix - PJM Interconnection, LLC - BA","coal extraction and processing - Central Appalachia, BIT, Underground",0.03,0.046,0.115,0.343,0.275,4.76,0.01,0.138,0.04,0.874,0.56,0.03,0.5,0.01,0.507,0.12,9.9,1.3,0.01,0.027,0.15,0.1,0.071,0.074,0.741,0.26,0.124,1.72,1.4948,0.0,0.0,0.0019344623624612531,0.0001241963514892036,1.4147310826879891e-08,0.036226560666650365,nan,nan,nan,range
"Electricity; at grid; consumption mix - PJM Interconnection, LLC - BA","Electricity; at grid; consumption mix - PJM Interconnection, LLC - BA","Electricity; at grid; consumption mix - PJM Interconnection, LLC - BA","rolling, slab","steelmaking, electric arc furnace","Electricity; at grid; consumption mix - PJM Interconnection, LLC - BA","ironmaking, blast furnace","Electricity; at grid; consumption mix - PJM Interconnection, LLC - BA",natural gas extraction and processing - Appalachian,"Electricity; at grid; consumption mix - PJM Interconnection, LLC - BA","ironmaking, blast furnace","Electricity; at grid; consumption mix - PJM Interconnection, LLC - BA","coal extraction and processing - Central Appalachia, BIT, Underground",0.03,0.046,0.115,0.343,0.275,4.76,0.01,0.138,0.04,0.874,0.56,0.03,0.5,0.01,0.507,0.12,9.9,1.3,0.01,0.027,0.15,0.1,0.071,0.074,1.493,0.26,0.124,1.72,1.8267,0.0,0.0,0.0019344623624612531,0.0001241963514892036,1.4147310826879891e-08,0.036226560666650365,nan,nan,nan,range
"Electricity; at grid; consumption mix - PJM Interconnection, LLC - BA","Electricity; at grid; consumption mix - PJM Interconnection, LLC - BA","Electricity; at grid; consumption mix - PJM Interconnection, LLC - BA","rolling, slab","steelmaking, electric arc furnace","Electricity; at grid; consumption mix - PJM Interconnection, LLC - BA","ironmaking, blast furnace","Electricity; at grid; consumption mix - PJM Interconnection, LLC - BA",natural gas extraction and processing - Appalachian,"Electricity; at grid; consumption mix - PJM Interconnection, LLC - BA","ironmaking, blast furnace","Electricity; at grid; consumption mix - PJM Interconnection, LLC - BA","coal extraction and processing - Central Appalachia, BIT, Underground",0.03,0.046,0.115,0.343,0.275,4.76,0.01,0.138,0.04,0.874,0.56,0.03,0.5,0.01,0.507,0.12,9.9,1.3,0.01,0.027,0.15,0.1,0.071,0.074,1.093,0.22,0.124,1.72,1.631,0.0,0.0,0.0019344623624612531,0.0001241963514892036,1.4147310826879891e-08,0.036226560666650365,nan,nan,nan,range
"Electricity; at grid; consumption mix - PJM Interconnection, LLC - BA","Electricity; at grid; consumption mix - PJM Interconnection, LLC - BA","Electricity; at grid; consumption mix - PJM Interconnection, LLC - BA","rolling, slab","steelmaking, electric arc furnace","Electricity; at grid; consumption mix - PJM Interconnection, LLC - BA","ironmaking, blast furnace","Electricity; at grid; consumption mix - PJM Interconnection, LLC - BA",natural gas extraction and processing - Appalachian,"Electricity; at grid; consumption mix - PJM Interconnection, LLC - BA","ironmaking, blast furnace","Electricity; at grid; consumption mix - PJM Interconnection, LLC - BA","coal extraction and processing - Central Appalachia, BIT, Underground",0.03,0.046,0.115,0.343,0.275,4.76,0.01,0.138,0.04,0.874,0.56,0.03,0.5,0.01,0.507,0.12,9.9,1.3,0.01,0.027,0.15,0.1,0.071,0.074,1.093,0.562,0.124,1.72,1.7952,0.0,0.0,0.0019344623624612531,0.0001241963514892036,1.4147310826879891e-08,0.036226560666650365,nan,nan,nan,range
"Electricity; at grid; consumption mix - PJM Interconnection, LLC - BA","Electricity; at grid; consumption mix - PJM Interconnection, LLC - BA","Electricity; at grid; consumption mix - PJM Interconnection, LLC - BA","rolling, slab","steelmaking, electric arc furnace","Electricity; at grid; consumption mix - PJM Interconnection, LLC - BA","ironmaking, blast furnace","Electricity; at grid; consumption mix - PJM Interconnection, LLC - BA",natural gas extraction and processing - Appalachian,"Electricity; at grid; consumption mix - PJM Interconnection, LLC - BA","ironmaking, blast furnace","Electricity; at grid; consumption mix - PJM Interconnection, LLC - BA","coal extraction and processing - Central Appalachia, BIT, Underground",0.03,0.046,0.115,0.343,0.275,4.76,0.01,0.138,0.04,0.874,0.56,0.03,0.5,0.01,0.507,0.12,9.9,1.3,0.01,0.027,0.15,0.1,0.071,0.074,1.093,0.26,0.089,1.72,1.6421,0.0,0.0,0.0019344623624612531,0.0001241963514892036,1.4147310826879891e-08,0.036226560666650365,nan,nan,nan,range
"Electricity; at grid; consumption mix - PJM Interconnection, LLC - BA","Electricity; at grid; consumption mix - PJM Interconnection, LLC - BA","Electricity; at grid; consumption mix - PJM Interconnection, LLC - BA","rolling, slab","steelmaking, electric arc furnace","Electricity; at grid; consumption mix - PJM Interconnection, LLC - BA","ironmaking, blast furnace","Electricity; at grid; consumption mix - PJM Interconnection, LLC - BA",natural gas extraction and processing - Appalachian,"Electricity; at grid; consumption mix - PJM Interconnection, LLC - BA","ironmaking, blast furnace","Electricity; at grid; consumption mix - PJM Interconnection, LLC - BA","coal extraction and processing - Central Appalachia, BIT, Underground",0.03,0.046,0.115,0.343,0.275,4.76,0.01,0.138,0.04,0.874,0.56,0.03,0.5,0.01,0.507,0.12,9.9,1.3,0.01,0.027,0.15,0.1,0.071,0.074,1.093,0.26,0.16,1.72,1.6585,0.0,0.0,0.0019344623624612531,0.0001241963514892036,1.4147310826879891e-08,0.036226560666650365,nan,nan,nan,range
"Electricity; at grid; consumption mix - PJM Interconnection, LLC - BA","Electricity; at grid; consumption mix - PJM Interconnection, LLC - BA","Electricity; at grid; consumption mix - PJM Interconnection, LLC - BA","rolling, slab","steelmaking, electric arc furnace","Electricity; at grid; consumption mix - PJM Interconnection, LLC - BA","ironmaking, blast furnace","Electricity; at grid; consumption mix - PJM Interconnection, LLC - BA",natural gas extraction and processing - Appalachian,"Electricity; at grid; consumption mix - PJM Interconnection, LLC - BA","ironmaking, blast furnace","Electricity; at grid; consumption mix - PJM Interconnection, LLC - BA","coal extraction and processing - Central Appalachia, BIT, Underground",0.03,0.046,0.115,0.343,0.275,4.76,0.01,0.138,0.04,0.874,0.56,0.03,0.5,0.01,0.507,0.12,9.9,1.3,0.01,0.027,0.15,0.1,0.071,0.074,1.093,0.26,0.124,0.86,1.6018,0.0,0.0,0.0019344623624612531,0.0001241963514892036,1.4147310826879891e-08,0.036226560666650365,nan,nan,nan,range
"Electricity; at grid; consumption mix - PJM Interconnection, LLC - BA","Electricity; at grid; consumption mix - PJM Interconnection, LLC - BA","Electricity; at grid; consumption mix - PJM Interconnection, LLC - BA","rolling, slab","steelmaking, electric arc furnace","Electricity; at grid; consumption mix - PJM Interconnection, LLC - BA","ironmaking, blast furnace","Electricity; at grid; consumption mix - PJM Interconnection, LLC - BA",natural gas extraction and processing - Appalachian,"Electricity; at grid; consumption mix - PJM Interconnection, LLC - BA","ironmaking, blast furnace","Electricity; at grid; consumption mix - PJM Interconnection, LLC - BA","coal extraction and processing - Central Appalachia, BIT, Underground",0.03,0.046,0.115,0.343,0.275,4.76,0.01,0.138,0.04,0.874,0.56,0.03,0.5,0.01,0.507,0.12,9.9,1.3,0.01,0.027,0.15,0.1,0.071,0.074,1.093,0.26,0.124,2.58,1.6986,0.0,0.0,0.0019344623624612531,0.0001241963514892036,1.4147310826879891e-08,0.036226560666650365,nan,nan,nan,range
