elec_steel_fab,elec_steel_rolling,steel_bloom,elec_EAF,iron_forEAF,elec_DRI,natgas_DRI,elec_BOF,iron_forBOF,elec,coal,"fabrication, heavy sections.wf","fabrication, heavy sections.elec","fabrication, heavy sections.trans_co2","rolling, bloom.elec","rolling, bloom.heat","steelmaking, electric arc furnace.scrap_pct","steelmaking, electric arc furnace.wf","steelmaking, electric arc furnace.kWh_EAF","steelmaking, electric arc furnace.trans_co2","ironmaking, direct reduction, MIDREX.co2_kg","ironmaking, direct reduction, MIDREX.elec","ironmaking, direct reduction, MIDREX.ng_mj","ironmaking, direct reduction, MIDREX.ore_kg","ironmaking, direct reduction, MIDREX.trans_co2","steelmaking, basic oxygen converter.elec","steelmaking, basic oxygen converter.scrap_pct","steelmaking, basic oxygen converter.wf","steelmaking, basic oxygen converter.co2_kg","ironmaking, blast furnace.elec","ironmaking, blast furnace.co2_kg",coking.co2_kg,sintering.co2_kg,gwp,gwp_be,gep_bu,ap,ep,odp,pocp,gwp_AR5,gwp_EF2,gwp_CML,sim_type
"Electricity; at grid; consumption mix - Electric Reliability Council of Texas, Inc. - BA","Electricity; at grid; consumption mix - PJM Interconnection, LLC - BA","steelmaking, electric arc furnace",Electricity; at grid; consumption mix - Nevada Power Company - BA,"ironmaking, blast furnace",Electricity; at grid; consumption mix - Western Area Power Administration - Rocky Mountain Region - BA,natural gas extraction and processing - Appalachian,"Electricity; at grid; consumption mix - PJM Interconnection, LLC - BA","ironmaking, blast furnace","Electricity; at grid; consumption mix - PJM Interconnection, LLC - BA","coal extraction and processing - Southern Appalachia, BIT, Surface",0.07293993413003372,0.18969784205782966,0.05671919619750271,0.04049829955501217,0.8207277301248842,0.8502461691845646,0.037601768748966154,0.600282115874179,0.010415562942848544,0.5133735655276327,0.11954139566235411,9.71905125935699,1.312007735956709,0.009877029949663396,0.03128933493903352,0.14520031031431366,0.06949828294575544,0.056434503826704695,0.05303046492846459,1.253752822151615,0.13902801400178136,0.3229160465418243,1.0971,0.0,0.0,0.001553678053935984,0.00013629515987016114,1.578055489814753e-08,0.050256450302942374,1.1101,1.1231,1.103,mca
"Electricity; at grid; consumption mix - Electric Reliability Council of Texas, Inc. - BA","Electricity; at grid; consumption mix - PJM Interconnection, LLC - BA","steelmaking, electric arc furnace",Electricity; at grid; consumption mix - Nevada Power Company - BA,"ironmaking, blast furnace",Electricity; at grid; consumption mix - Western Area Power Administration - Rocky Mountain Region - BA,natural gas extraction and processing - Appalachian,"Electricity; at grid; consumption mix - PJM Interconnection, LLC - BA","ironmaking, blast furnace","Electricity; at grid; consumption mix - PJM Interconnection, LLC - BA","coal extraction and processing - Southern Appalachia, BIT, Surface",0.04030990827048332,0.16433055932291823,0.041625496015426415,0.03365997589355146,0.8110640547841067,0.8657362634578849,0.03132074308967981,0.3963395477522168,0.010296614443864713,0.4991280725854269,0.11776139040811108,10.269732665633715,1.3381914527409449,0.01000591984617935,0.0271739630746468,0.17670647073185802,0.1364170083183541,0.04260710649577852,0.0807153135302712,1.3279266709613509,0.12211160104422676,0.4164678784339263,0.9185,0.0,0.0,0.0012552376114502851,0.00011610929591721449,1.46439127986128e-08,0.03880548636898997,0.9287,0.9389,0.9231,mca
"Electricity; at grid; consumption mix - Electric Reliability Council of Texas, Inc. - BA","Electricity; at grid; consumption mix - PJM Interconnection, LLC - BA","steelmaking, electric arc furnace",Electricity; at grid; consumption mix - Nevada Power Company - BA,"ironmaking, blast furnace",Electricity; at grid; consumption mix - Western Area Power Administration - Rocky Mountain Region - BA,natural gas extraction and processing - Appalachian,"Electricity; at grid; consumption mix - PJM Interconnection, LLC - BA","ironmaking, blast furnace","Electricity; at grid; consumption mix - PJM Interconnection, LLC - BA","coal extraction and processing - Southern Appalachia, BIT, Surface",0.05610352647322326,0.20759117803986135,0.0525809218848248,0.035541077986578705,0.9013693649338191,0.8073867309992421,0.02185368908696208,0.4506057040923344,0.009520729052111732,0.5296257446368346,0.11428290938493943,9.942055404023046,1.3438836186046046,0.009627942629502236,0.02422094417430765,0.1314690695952234,0.09670968792915217,0.0750301335986981,0.09942363771881096,1.0324273100054833,0.12292964405944967,0.3364623036069199,1.0542,0.0,0.0,0.0014791943103941046,0.00013151438395528722,1.5646331725897822e-08,0.045195139654096106,1.0661,1.0781,1.0596,mca
"Electricity; at grid; consumption mix - Electric Reliability Council of Texas, Inc. - BA","Electricity; at grid; consumption mix - PJM Interconnection, LLC - BA","steelmaking, electric arc furnace",Electricity; at grid; consumption mix - Nevada Power Company - BA,"ironmaking, blast furnace",Electricity; at grid; consumption mix - Western Area Power Administration - Rocky Mountain Region - BA,natural gas extraction and processing - Appalachian,"Electricity; at grid; consumption mix - PJM Interconnection, LLC - BA","ironmaking, blast furnace","Electricity; at grid; consumption mix - PJM Interconnection, LLC - BA","coal extraction and processing - Southern Appalachia, BIT, Surface",0.05890390266950381,0.2032010416201405,0.04420981326676545,0.03883517732003544,0.9735339197018019,0.9071900179763883,0.011641466072279637,0.5380433963677016,0.010136432896737258,0.5116077001726367,0.12587263724037825,9.435020264405894,1.2908623542208553,0.010470299580211624,0.03373862137260728,0.0690277726418691,0.08888274028824596,0.07147434187538479,0.06072721706759633,1.2619630705691538,0.12451167905233584,0.5048093640270559,0.9548,0.0,0.0,0.0014549990048554542,0.00012780020912763875,1.5221559057291274e-08,0.04685082680581295,0.9669,0.979,0.9603,mca
"Electricity; at grid; consumption mix - Electric Reliability Council of Texas, Inc. - BA","Electricity; at grid; consumption mix - PJM Interconnection, LLC - BA","steelmaking, electric arc furnace",Electricity; at grid; consumption mix - Nevada Power Company - BA,"ironmaking, blast furnace",Electricity; at grid; consumption mix - Western Area Power Administration - Rocky Mountain Region - BA,natural gas extraction and processing - Appalachian,"Electricity; at grid; consumption mix - PJM Interconnection, LLC - BA","ironmaking, blast furnace","Electricity; at grid; consumption mix - PJM Interconnection, LLC - BA","coal extraction and processing - Southern Appalachia, BIT, Surface",0.029472698104087883,0.2102969951719563,0.05216209451545465,0.038481158142614,0.7780432855418783,0.7913289149676451,0.019055842203684156,0.4224497651798574,0.010216267344740196,0.4829725582924027,0.1188020828434122,10.03677814270379,1.3160139980097052,0.010339426395773208,0.026716297158169144,0.13889268975101512,0.06696249571649782,0.07494396670190963,0.08050790961568677,1.0481780237182337,0.11780865813427374,0.3038334167244417,1.0325,0.0,0.0,0.0014297427743255062,0.0001275371053720044,1.5336885934476427e-08,0.04299955350349652,1.0438,1.0552,1.0376,mca
"Electricity; at grid; consumption mix - Electric Reliability Council of Texas, Inc. - BA","Electricity; at grid; consumption mix - PJM Interconnection, LLC - BA","steelmaking, electric arc furnace",Electricity; at grid; consumption mix - Nevada Power Company - BA,"ironmaking, blast furnace",Electricity; at grid; consumption mix - Western Area Power Administration - Rocky Mountain Region - BA,natural gas extraction and processing - Appalachian,"Electricity; at grid; consumption mix - PJM Interconnection, LLC - BA","ironmaking, blast furnace","Electricity; at grid; consumption mix - PJM Interconnection, LLC - BA","coal extraction and processing - Southern Appalachia, BIT, Surface",0.0738797885946359,0.18563267296776054,0.04454767591804444,0.036419454105915586,0.9895839783247465,0.84744194291246,0.04439255955502863,0.5175862220855058,0.009523935992230044,0.48633456788669777,0.12263352752876502,9.791662850676264,1.3422306530940438,0.009726760599462763,0.022075778545497977,0.17454875136660103,0.059594432602821594,0.09091006311667327,0.08846399087517604,1.0936770919391392,0.10517132712014501,0.35357920224828115,1.034,0.0,0.0,0.0014938493813974182,0.0001327948205776662,1.5630581436908612e-08,0.04736957657905779,1.0464,1.0589,1.0397,mca
"Electricity; at grid; consumption mix - Electric Reliability Council of Texas, Inc. - BA","Electricity; at grid; consumption mix - PJM Interconnection, LLC - BA","steelmaking, electric arc furnace",Electricity; at grid; consumption mix - Nevada Power Company - BA,"ironmaking, blast furnace",Electricity; at grid; consumption mix - Western Area Power Administration - Rocky Mountain Region - BA,natural gas extraction and processing - Appalachian,"Electricity; at grid; consumption mix - PJM Interconnection, LLC - BA","ironmaking, blast furnace","Electricity; at grid; consumption mix - PJM Interconnection, LLC - BA","coal extraction and processing - Southern Appalachia, BIT, Surface",0.0336693807348848,0.17182027279222023,0.05975781672529433,0.0406870598930137,0.8597210580611079,0.8635052501015039,0.017098886736752274,0.4961058730747217,0.01011086403052491,0.5269265757056851,0.12144864403026367,9.68681172467827,1.2478234084124327,0.009975083952398869,0.03255270332937525,0.028107046515394175,0.05100236174731544,0.06893240085380896,0.05598371279029778,1.285751888461636,0.11599502307249387,0.3362602531248821,0.9759,0.0,0.0,0.0013673833245278228,0.00012287068557359252,1.4835687142496526e-08,0.043399857403865295,0.9873,0.9986,0.9811,mca
"Electricity; at grid; consumption mix - Electric Reliability Council of Texas, Inc. - BA","Electricity; at grid; consumption mix - PJM Interconnection, LLC - BA","steelmaking, electric arc furnace",Electricity; at grid; consumption mix - Nevada Power Company - BA,"ironmaking, blast furnace",Electricity; at grid; consumption mix - Western Area Power Administration - Rocky Mountain Region - BA,natural gas extraction and processing - Appalachian,"Electricity; at grid; consumption mix - PJM Interconnection, LLC - BA","ironmaking, blast furnace","Electricity; at grid; consumption mix - PJM Interconnection, LLC - BA","coal extraction and processing - Southern Appalachia, BIT, Surface",0.043740200683832144,0.2054383340601695,0.047349457110924344,0.034300450057119965,0.8206094644364716,0.8848343697059216,0.010728420408267967,0.4730396743655908,0.01029643592232523,0.48557555261306823,0.11571185012600872,9.746361715895286,1.2664355724318312,0.009667644131291063,0.038703950253779235,0.13758309494222432,0.09996085891041548,0.095942491240979,0.07503769029309745,1.146683656953209,0.13695309578659962,0.30160750202446285,0.9098,0.0,0.0,0.0013819226601384472,0.0001229822839402377,1.50149616803807e-08,0.0433925629409565,0.921,0.9322,0.9148,mca
"Electricity; at grid; consumption mix - Electric Reliability Council of Texas, Inc. - BA","Electricity; at grid; consumption mix - PJM Interconnection, LLC - BA","steelmaking, electric arc furnace",Electricity; at grid; consumption mix - Nevada Power Company - BA,"ironmaking, blast furnace",Electricity; at grid; consumption mix - Western Area Power Administration - Rocky Mountain Region - BA,natural gas extraction and processing - Appalachian,"Electricity; at grid; consumption mix - PJM Interconnection, LLC - BA","ironmaking, blast furnace","Electricity; at grid; consumption mix - PJM Interconnection, LLC - BA","coal extraction and processing - Southern Appalachia, BIT, Surface",0.0769038894978859,0.21509527076866816,0.05559802297315835,0.038891224724757145,0.9494478206247178,0.871805019026867,0.04382386895786893,0.6563028383653213,0.010218820489786461,0.4987467000449261,0.11919987356356404,9.79990500654411,1.2817861563406732,0.009783906518063757,0.04674391784827366,0.1635743713176297,0.10646441439289345,0.07114663738742716,0.07052542971604461,1.0907121006850558,0.13583755408055573,0.2788923642688702,1.0814,0.0,0.0,0.0016527591726755724,0.00014182070419460255,1.601819451637082e-08,0.054008464288358,1.0953,1.1092,1.0878,mca
"Electricity; at grid; consumption mix - Electric Reliability Council of Texas, Inc. - BA","Electricity; at grid; consumption mix - PJM Interconnection, LLC - BA","steelmaking, electric arc furnace",Electricity; at grid; consumption mix - Nevada Power Company - BA,"ironmaking, blast furnace",Electricity; at grid; consumption mix - Western Area Power Administration - Rocky Mountain Region - BA,natural gas extraction and processing - Appalachian,"Electricity; at grid; consumption mix - PJM Interconnection, LLC - BA","ironmaking, blast furnace","Electricity; at grid; consumption mix - PJM Interconnection, LLC - BA","coal extraction and processing - Southern Appalachia, BIT, Surface",0.04659112348693163,0.18337317187057336,0.05940999476091942,0.039369986907886116,0.8053400045925135,0.8376017101430666,0.01838796779010797,0.6209390289875208,0.009884190568004596,0.4845072006467202,0.11847702104683355,9.71942015138404,1.3155697876173258,0.010116643276439312,0.034808974885688855,0.14750704538833218,0.14578365110903563,0.10555492769452603,0.08447542783551083,0.9228703954268602,0.13564820204237163,0.30492475800814617,1.0436,0.0,0.0,0.0015455430948916062,0.00013506210685991304,1.5506179316732622e-08,0.05006846798120155,1.0565,1.0695,1.0495,mca
"Electricity; at grid; consumption mix - Electric Reliability Council of Texas, Inc. - BA",Electricity; at grid; consumption mix - California Independent System Operator - BA,"steelmaking, electric arc furnace",Electricity; at grid; consumption mix - Arizona Public Service Company - BA,"ironmaking, blast furnace",Electricity; at grid; consumption mix - Duke Energy Carolinas - BA,natural gas extraction and processing - Permian,"Electricity; at grid; consumption mix - PJM Interconnection, LLC - BA","ironmaking, blast furnace","Electricity; at grid; consumption mix - Midcontinent Independent System Operator, Inc. - BA","coal extraction and processing - Central Interior, BIT, Underground",0.06085416034276164,0.22081223317271917,0.04697632978138303,0.03453393606805055,0.8786480259407439,0.8400960369959455,0.04992077051706402,0.5378260137063218,0.009916511434717732,0.515171131017753,0.1152553690508284,10.302722513581797,1.3282836126718365,0.010337637759228753,0.0482248190021345,0.12012069248016644,0.05884997002396926,0.09434456965227123,0.05473194952841777,1.2049348336596697,0.10856390754821629,0.5093142587671919,1.3385,0.0,0.0,0.002136135470849229,0.00016465623575428974,2.210608842336643e-08,0.054999461574331665,1.3552,1.3733,1.3465,mca
"Electricity; at grid; consumption mix - Electric Reliability Council of Texas, Inc. - BA",Electricity; at grid; consumption mix - California Independent System Operator - BA,"steelmaking, electric arc furnace",Electricity; at grid; consumption mix - Arizona Public Service Company - BA,"ironmaking, blast furnace",Electricity; at grid; consumption mix - Duke Energy Carolinas - BA,natural gas extraction and processing - Permian,"Electricity; at grid; consumption mix - PJM Interconnection, LLC - BA","ironmaking, blast furnace","Electricity; at grid; consumption mix - Midcontinent Independent System Operator, Inc. - BA","coal extraction and processing - Central Interior, BIT, Underground",0.04355395558700428,0.16708125951301778,0.05036107393130503,0.03744725215576204,0.8993805268198862,0.8052914202978856,0.022824930507047834,0.5614537827314974,0.009651500107292365,0.5280611091042123,0.12353589089261283,9.893151885040549,1.3517976458773846,0.009885531489225434,0.030363464932964452,0.06264103659418367,0.14128436404300815,0.05002538811795143,0.08792243213066898,1.384393942189144,0.12217109601551437,0.27880964785997003,1.3756,0.0,0.0,0.002108168293438628,0.0001636332677033079,2.1958434018403425e-08,0.05438471722388152,1.3932,1.4123,1.3841,mca
"Electricity; at grid; consumption mix - Electric Reliability Council of Texas, Inc. - BA",Electricity; at grid; consumption mix - California Independent System Operator - BA,"steelmaking, electric arc furnace",Electricity; at grid; consumption mix - Arizona Public Service Company - BA,"ironmaking, blast furnace",Electricity; at grid; consumption mix - Duke Energy Carolinas - BA,natural gas extraction and processing - Permian,"Electricity; at grid; consumption mix - PJM Interconnection, LLC - BA","ironmaking, blast furnace","Electricity; at grid; consumption mix - Midcontinent Independent System Operator, Inc. - BA","coal extraction and processing - Central Interior, BIT, Underground",0.06650610418792159,0.20521675642258644,0.047871381517050136,0.0380098341629411,0.7809674540433731,0.8973799761952869,0.04940009319195112,0.5638300180192839,0.009666324327867584,0.5140702972500572,0.12440621967371192,10.227327867297255,1.3605146285828296,0.009832086513271034,0.04412178911001855,0.11095855168188772,0.06336216864639985,0.08023912538116229,0.1016711191404649,1.2256187969140013,0.11922667220682982,0.358832463068133,1.1938,0.0,0.0,0.0020842337368703165,0.00016025954317800707,2.1933931513316793e-08,0.05413907991663922,1.2082,1.2237,1.2006,mca
"Electricity; at grid; consumption mix - Electric Reliability Council of Texas, Inc. - BA",Electricity; at grid; consumption mix - California Independent System Operator - BA,"steelmaking, electric arc furnace",Electricity; at grid; consumption mix - Arizona Public Service Company - BA,"ironmaking, blast furnace",Electricity; at grid; consumption mix - Duke Energy Carolinas - BA,natural gas extraction and processing - Permian,"Electricity; at grid; consumption mix - PJM Interconnection, LLC - BA","ironmaking, blast furnace","Electricity; at grid; consumption mix - Midcontinent Independent System Operator, Inc. - BA","coal extraction and processing - Central Interior, BIT, Underground",0.06677460440545128,0.2033524368309672,0.050380715981866914,0.04343883950255793,0.9401292260460935,0.8820128967880667,0.034976364762887,0.5903526059418523,0.010213115485777318,0.5290524199487122,0.12564739009150314,10.030633011775391,1.2406721774110632,0.009518522158909738,0.03235385354297855,0.1514034028948097,0.08856849616423142,0.03949858176049625,0.08891008604540318,1.4441547753123947,0.14702347828675863,0.3090172328507604,1.2878,0.0,0.0,0.002172903860940345,0.0001660955903842763,2.2356420838929218e-08,0.056677682377466725,1.3033,1.32,1.2951,mca
"Electricity; at grid; consumption mix - Electric Reliability Council of Texas, Inc. - BA",Electricity; at grid; consumption mix - California Independent System Operator - BA,"steelmaking, electric arc furnace",Electricity; at grid; consumption mix - Arizona Public Service Company - BA,"ironmaking, blast furnace",Electricity; at grid; consumption mix - Duke Energy Carolinas - BA,natural gas extraction and processing - Permian,"Electricity; at grid; consumption mix - PJM Interconnection, LLC - BA","ironmaking, blast furnace","Electricity; at grid; consumption mix - Midcontinent Independent System Operator, Inc. - BA","coal extraction and processing - Central Interior, BIT, Underground",0.06494452219701484,0.1759145862644374,0.057285130820383647,0.03478463777912688,1.013054493243444,0.8107043691200901,0.026870333011331612,0.4931867133861555,0.009584926762067377,0.5222313110040782,0.12563579769068192,10.038406688547898,1.3347066092505542,0.01021465766071514,0.030431389260617104,0.17887946474349997,0.09819460169051616,0.04441498257403845,0.06360743735614216,1.2650955281707723,0.13286312877066495,0.3242389915267626,1.3359,0.0,0.0,0.0020352105795785787,0.00016039021849355528,2.1584683065291794e-08,0.0524142054524665,1.3533,1.3721,1.3443,mca
"Electricity; at grid; consumption mix - Electric Reliability Council of Texas, Inc. - BA",Electricity; at grid; consumption mix - California Independent System Operator - BA,"steelmaking, electric arc furnace",Electricity; at grid; consumption mix - Arizona Public Service Company - BA,"ironmaking, blast furnace",Electricity; at grid; consumption mix - Duke Energy Carolinas - BA,natural gas extraction and processing - Permian,"Electricity; at grid; consumption mix - PJM Interconnection, LLC - BA","ironmaking, blast furnace","Electricity; at grid; consumption mix - Midcontinent Independent System Operator, Inc. - BA","coal extraction and processing - Central Interior, BIT, Underground",0.0775548509893184,0.18265008650806872,0.05526476429198673,0.03318590710883867,0.7796971361223048,0.8026065871354872,0.035418273248043496,0.5026401417327581,0.010385951189422964,0.506502175313788,0.11427298887143016,9.529790745126551,1.2395596513256566,0.009793179372436112,0.030380422623619282,0.25272119018538847,0.14273700494853486,0.07463290879093556,0.1108392888918514,0.8730271385439091,0.13387922317307943,0.29535194909551193,1.2777,0.0,0.0,0.002078473222704648,0.00016309111912042373,2.2139822534820618e-08,0.053085707856558896,1.2955,1.3148,1.2864,mca
"Electricity; at grid; consumption mix - Electric Reliability Council of Texas, Inc. - BA",Electricity; at grid; consumption mix - California Independent System Operator - BA,"steelmaking, electric arc furnace",Electricity; at grid; consumption mix - Arizona Public Service Company - BA,"ironmaking, blast furnace",Electricity; at grid; consumption mix - Duke Energy Carolinas - BA,natural gas extraction and processing - Permian,"Electricity; at grid; consumption mix - PJM Interconnection, LLC - BA","ironmaking, blast furnace","Electricity; at grid; consumption mix - Midcontinent Independent System Operator, Inc. - BA","coal extraction and processing - Central Interior, BIT, Underground",0.03322095321294632,0.20047231189734724,0.046371657742310696,0.036210520813379256,0.8825614515354772,0.8023308737805035,0.03903280049575558,0.5082736831176091,0.009527212124328017,0.5265546770299326,0.12207895805942767,10.112246538169751,1.245080405599618,0.010222995274560314,0.017749428052610566,0.07629615035126107,0.1134525998419546,0.04900688118604414,0.10198304827515509,0.9953441528214063,0.1312580649441839,0.29070681296961987,1.272,0.0,0.0,0.0020619684061618532,0.00016035700958307213,2.147792400275597e-08,0.05273056539726314,1.2895,1.3085,1.2804,mca
"Electricity; at grid; consumption mix - Electric Reliability Council of Texas, Inc. - BA",Electricity; at grid; consumption mix - California Independent System Operator - BA,"steelmaking, electric arc furnace",Electricity; at grid; consumption mix - Arizona Public Service Company - BA,"ironmaking, blast furnace",Electricity; at grid; consumption mix - Duke Energy Carolinas - BA,natural gas extraction and processing - Permian,"Electricity; at grid; consumption mix - PJM Interconnection, LLC - BA","ironmaking, blast furnace","Electricity; at grid; consumption mix - Midcontinent Independent System Operator, Inc. - BA","coal extraction and processing - Central Interior, BIT, Underground",0.028229611696615003,0.21599655949476174,0.05872910654885288,0.03494921751245275,0.9025703663393143,0.8989553881595287,0.029407287526894754,0.635469809808876,0.010252905583054561,0.5017353381319927,0.12325115960468104,9.571832769965603,1.2681935836469487,0.009963345281974787,0.035023005171043134,0.18492865793595364,0.1390793177649255,0.05041621257291595,0.07570252562878615,1.2206161960172155,0.13253663426247736,0.3645843104335471,1.2324,0.0,0.0,0.002173778161470667,0.00016382499424973026,2.2014279751751843e-08,0.0567369119102365,1.2471,1.2628,1.2393,mca
"Electricity; at grid; consumption mix - Electric Reliability Council of Texas, Inc. - BA",Electricity; at grid; consumption mix - California Independent System Operator - BA,"steelmaking, electric arc furnace",Electricity; at grid; consumption mix - Arizona Public Service Company - BA,"ironmaking, blast furnace",Electricity; at grid; consumption mix - Duke Energy Carolinas - BA,natural gas extraction and processing - Permian,"Electricity; at grid; consumption mix - PJM Interconnection, LLC - BA","ironmaking, blast furnace","Electricity; at grid; consumption mix - Midcontinent Independent System Operator, Inc. - BA","coal extraction and processing - Central Interior, BIT, Underground",0.07547041459597628,0.2016752706219029,0.05146984777243621,0.03303949157622515,0.939130573873582,0.8754577070319131,0.019868456910906114,0.5357229656019064,0.00995944982138332,0.5039241302001071,0.12305440230140434,10.172437466610122,1.2792818866381832,0.009756860515029362,0.029438056074536655,0.11679297756287346,0.08059537691336327,0.07000586408411308,0.07433775060311562,1.002634757423399,0.12903424774708208,0.316720204654551,1.1968,0.0,0.0,0.002078618808723024,0.00016109383190970653,2.1891248261472904e-08,0.05393083415501158,1.2121,1.2285,1.2041,mca
"Electricity; at grid; consumption mix - Electric Reliability Council of Texas, Inc. - BA",Electricity; at grid; consumption mix - California Independent System Operator - BA,"steelmaking, electric arc furnace",Electricity; at grid; consumption mix - Arizona Public Service Company - BA,"ironmaking, blast furnace",Electricity; at grid; consumption mix - Duke Energy Carolinas - BA,natural gas extraction and processing - Permian,"Electricity; at grid; consumption mix - PJM Interconnection, LLC - BA","ironmaking, blast furnace","Electricity; at grid; consumption mix - Midcontinent Independent System Operator, Inc. - BA","coal extraction and processing - Central Interior, BIT, Underground",0.06452693417415234,0.20286278714280231,0.058906572423271034,0.04177593514567957,0.7539749480765996,0.852960464845058,0.03384382917297986,0.6332457842744306,0.00972844380582351,0.5288999327779067,0.11820370407973088,9.686908553733847,1.2644988868964377,0.009810850701825611,0.031494293291729966,0.1981832704508178,0.1167707567442691,0.06918347804284097,0.08056142477430421,1.286741586686083,0.11893790345574891,0.2976160968399136,1.3577,0.0,0.0,0.0022608054451781754,0.00017149359482943738,2.30467265697219e-08,0.058662378392393626,1.3743,1.3924,1.3656,mca
"Electricity; at grid; consumption mix - Duke Energy Florida, Inc. - BA",Electricity; at grid; consumption mix - ISO-NE - BA,"steelmaking, electric arc furnace","Electricity; at grid; consumption mix - Electric Reliability Council of Texas, Inc. - BA","ironmaking, blast furnace",Electricity; at grid; consumption mix - Tucson Electric Power - BA,natural gas extraction and processing - Gulf,"Electricity; at grid; consumption mix - Electric Reliability Council of Texas, Inc. - BA","ironmaking, blast furnace","Electricity; at grid; consumption mix - PJM Interconnection, LLC - BA","coal extraction and processing - Rocky Mountain, WC, Surface",0.038319641277363786,0.18572934381789893,0.0483271917797984,0.036491127651921834,0.8383399236078978,0.8403690560997127,0.04851589261696316,0.4037217984509736,0.009871021807254484,0.4843430402829336,0.1197825731084128,9.602002303434125,1.3052695131024277,0.010110397490493014,0.027371687374799426,0.2716146755482055,0.12077870093495979,0.06738281801559037,0.04672045237237446,0.8461274456326584,0.12353553972258302,0.5104010254980359,1.0137,0.0,0.0,0.0016576706199114186,0.00013540299288853383,1.770818049390277e-08,0.03874081877784951,1.0242,1.0344,1.0183,mca
"Electricity; at grid; consumption mix - Duke Energy Florida, Inc. - BA",Electricity; at grid; consumption mix - ISO-NE - BA,"steelmaking, electric arc furnace","Electricity; at grid; consumption mix - Electric Reliability Council of Texas, Inc. - BA","ironmaking, blast furnace",Electricity; at grid; consumption mix - Tucson Electric Power - BA,natural gas extraction and processing - Gulf,"Electricity; at grid; consumption mix - Electric Reliability Council of Texas, Inc. - BA","ironmaking, blast furnace","Electricity; at grid; consumption mix - PJM Interconnection, LLC - BA","coal extraction and processing - Rocky Mountain, WC, Surface",0.06724700536263614,0.19675638210402008,0.04959770505161498,0.03444006604697965,0.7798457816242668,0.8671952233825356,0.03360456720505722,0.650741354732433,0.00962087909004595,0.5008174423968632,0.11556964270089297,9.414638160196954,1.2483261181979244,0.010470596926908611,0.03189900452611444,0.14277172972054353,0.12299395897533233,0.0992044982784708,0.07268042970495381,1.1392633433881323,0.11583743567202062,0.5123320819524966,1.1935,0.0,0.0,0.002144687963078167,0.0001609019632912715,1.9998971853053727e-08,0.049872946881508416,1.2059,1.2178,1.1988,mca
"Electricity; at grid; consumption mix - Duke Energy Florida, Inc. - BA",Electricity; at grid; consumption mix - ISO-NE - BA,"steelmaking, electric arc furnace","Electricity; at grid; consumption mix - Electric Reliability Council of Texas, Inc. - BA","ironmaking, blast furnace",Electricity; at grid; consumption mix - Tucson Electric Power - BA,natural gas extraction and processing - Gulf,"Electricity; at grid; consumption mix - Electric Reliability Council of Texas, Inc. - BA","ironmaking, blast furnace","Electricity; at grid; consumption mix - PJM Interconnection, LLC - BA","coal extraction and processing - Rocky Mountain, WC, Surface",0.06819065076864622,0.18502883141648424,0.040622451949816694,0.04358207467341366,1.0022693568327168,0.8391149310355873,0.02417171981819844,0.43893031280545314,0.009988674723168577,0.4901079272035164,0.11468525535696417,10.130989526029266,1.364860241253467,0.010076893974609041,0.03691250340712747,0.19146871287598188,0.12587392056370034,0.10217397497708994,0.10348742597854041,1.2476365862343735,0.14866865097184562,0.40703613313796616,1.1227,0.0,0.0,0.0018045313980292986,0.0001448613310662471,1.8560627358254954e-08,0.04238216827406385,1.134,1.1451,1.1276,mca
"Electricity; at grid; consumption mix - Duke Energy Florida, Inc. - BA",Electricity; at grid; consumption mix - ISO-NE - BA,"steelmaking, electric arc furnace","Electricity; at grid; consumption mix - Electric Reliability Council of Texas, Inc. - BA","ironmaking, blast furnace",Electricity; at grid; consumption mix - Tucson Electric Power - BA,natural gas extraction and processing - Gulf,"Electricity; at grid; consumption mix - Electric Reliability Council of Texas, Inc. - BA","ironmaking, blast furnace","Electricity; at grid; consumption mix - PJM Interconnection, LLC - BA","coal extraction and processing - Rocky Mountain, WC, Surface",0.04488881957951383,0.19660791344715123,0.05017728083326273,0.03767785937159251,0.9735688554967541,0.8790206819882806,0.020488775588686586,0.4796532888618502,0.010011371887734844,0.5058541588402773,0.12077626689035569,9.510951193094103,1.3461355682826286,0.010288163783252053,0.04478572362327997,0.042948921614451574,0.10329864606918232,0.06720702560151007,0.03308494341943286,1.028927189352816,0.10354483924909404,0.3831561390610834,1.0129,0.0,0.0,0.001794608466435669,0.00014163849177432756,1.820234279732263e-08,0.04212506564779338,1.0237,1.0343,1.0176,mca
"Electricity; at grid; consumption mix - Duke Energy Florida, Inc. - BA",Electricity; at grid; consumption mix - ISO-NE - BA,"steelmaking, electric arc furnace","Electricity; at grid; consumption mix - Electric Reliability Council of Texas, Inc. - BA","ironmaking, blast furnace",Electricity; at grid; consumption mix - Tucson Electric Power - BA,natural gas extraction and processing - Gulf,"Electricity; at grid; consumption mix - Electric Reliability Council of Texas, Inc. - BA","ironmaking, blast furnace","Electricity; at grid; consumption mix - PJM Interconnection, LLC - BA","coal extraction and processing - Rocky Mountain, WC, Surface",0.05002114969475682,0.2000368411001879,0.045224409536661486,0.038571853847309275,0.8771808735424633,0.8885493123304998,0.010024061761086167,0.5724405574377448,0.009971601174317321,0.5046988427808119,0.11425417721613841,10.232793378585844,1.299082612586172,0.010263481368814324,0.023203422868715365,0.05283901757480058,0.1080910942581107,0.03492542506159246,0.10201798988615816,1.2921416323045418,0.14936870002403424,0.4309735939270579,1.093,0.0,0.0,0.001971024915612382,0.00015049035229043096,1.9021820177757188e-08,0.04605286653497344,1.1045,1.1155,1.098,mca
"Electricity; at grid; consumption mix - Duke Energy Florida, Inc. - BA",Electricity; at grid; consumption mix - ISO-NE - BA,"steelmaking, electric arc furnace","Electricity; at grid; consumption mix - Electric Reliability Council of Texas, Inc. - BA","ironmaking, blast furnace",Electricity; at grid; consumption mix - Tucson Electric Power - BA,natural gas extraction and processing - Gulf,"Electricity; at grid; consumption mix - Electric Reliability Council of Texas, Inc. - BA","ironmaking, blast furnace","Electricity; at grid; consumption mix - PJM Interconnection, LLC - BA","coal extraction and processing - Rocky Mountain, WC, Surface",0.027286253456431583,0.2001112926988314,0.04932583597773353,0.03884992467312088,0.8227947006171443,0.8687342487775854,0.0441584353161093,0.5375465540415842,0.010313666041631168,0.505432319283249,0.12022340034721257,10.21576308679636,1.281045506240045,0.0096371616775635,0.03072512369293776,0.1477594401925173,0.07419531631698553,0.06743316882886816,0.05612473315219262,0.8270339105733389,0.0986054070486133,0.32356314709265427,1.0157,0.0,0.0,0.0018778372952015924,0.00014542000353004605,1.8480806456469403e-08,0.04382262520264711,1.0268,1.0376,1.0205,mca
"Electricity; at grid; consumption mix - Duke Energy Florida, Inc. - BA",Electricity; at grid; consumption mix - ISO-NE - BA,"steelmaking, electric arc furnace","Electricity; at grid; consumption mix - Electric Reliability Council of Texas, Inc. - BA","ironmaking, blast furnace",Electricity; at grid; consumption mix - Tucson Electric Power - BA,natural gas extraction and processing - Gulf,"Electricity; at grid; consumption mix - Electric Reliability Council of Texas, Inc. - BA","ironmaking, blast furnace","Electricity; at grid; consumption mix - PJM Interconnection, LLC - BA","coal extraction and processing - Rocky Mountain, WC, Surface",0.04730980167639214,0.21763867240904244,0.0596165242410341,0.0393075226780636,0.8354831364044112,0.8608825304531911,0.03808612652547918,0.44033160145750916,0.010351135681999139,0.5246418349305707,0.11492467444871285,9.782738860537869,1.2766089092897954,0.009734361930677822,0.03133805951421105,0.07234031260214563,0.14733315729037177,0.11521665690289336,0.046955146178511764,1.341205658550098,0.1224404984179267,0.3156230006369566,1.0818,0.0,0.0,0.0017596264447320403,0.00014061218712005396,1.8221044954725757e-08,0.04117246925254681,1.0925,1.103,1.0864,mca
"Electricity; at grid; consumption mix - Duke Energy Florida, Inc. - BA",Electricity; at grid; consumption mix - ISO-NE - BA,"steelmaking, electric arc furnace","Electricity; at grid; consumption mix - Electric Reliability Council of Texas, Inc. - BA","ironmaking, blast furnace",Electricity; at grid; consumption mix - Tucson Electric Power - BA,natural gas extraction and processing - Gulf,"Electricity; at grid; consumption mix - Electric Reliability Council of Texas, Inc. - BA","ironmaking, blast furnace","Electricity; at grid; consumption mix - PJM Interconnection, LLC - BA","coal extraction and processing - Rocky Mountain, WC, Surface",0.05483844877569882,0.20971123201055536,0.05916393093540576,0.034650011269829216,0.8574423160239157,0.839802135616807,0.04846795215333149,0.48191462806237917,0.01025110095220716,0.4893686703917702,0.11673420211071367,9.962213594986364,1.2849544146361802,0.009716018378106227,0.0368141179899271,0.23938386270059325,0.12293918268900174,0.06804025407731673,0.0621098753529008,1.159280788905982,0.13739465349368857,0.25995769488408627,1.1183,0.0,0.0,0.0018632008333457737,0.0001471236528432744,1.8737529887837023e-08,0.0435427088239393,1.1298,1.141,1.1233,mca
"Electricity; at grid; consumption mix - Duke Energy Florida, Inc. - BA",Electricity; at grid; consumption mix - ISO-NE - BA,"steelmaking, electric arc furnace","Electricity; at grid; consumption mix - Electric Reliability Council of Texas, Inc. - BA","ironmaking, blast furnace",Electricity; at grid; consumption mix - Tucson Electric Power - BA,natural gas extraction and processing - Gulf,"Electricity; at grid; consumption mix - Electric Reliability Council of Texas, Inc. - BA","ironmaking, blast furnace","Electricity; at grid; consumption mix - PJM Interconnection, LLC - BA","coal extraction and processing - Rocky Mountain, WC, Surface",0.049276015521744355,0.1883016367387669,0.040268477702229764,0.04323496057733877,0.7340374640766127,0.8490664878703124,0.03744453819166984,0.5007796010467651,0.009949699708976936,0.48712131590372254,0.12067330927343115,9.448701953811197,1.2981105087472216,0.010270952482214707,0.031816242490697325,0.21751272457671988,0.143601375153027,0.08082186459777727,0.04583054437905712,1.2708474492527517,0.1188574370466068,0.24685792606737067,1.077,0.0,0.0,0.0018362942746021301,0.0001447453913801123,1.862406818435072e-08,0.04272434942796085,1.0881,1.0989,1.0818,mca
"Electricity; at grid; consumption mix - Duke Energy Florida, Inc. - BA",Electricity; at grid; consumption mix - ISO-NE - BA,"steelmaking, electric arc furnace","Electricity; at grid; consumption mix - Electric Reliability Council of Texas, Inc. - BA","ironmaking, blast furnace",Electricity; at grid; consumption mix - Tucson Electric Power - BA,natural gas extraction and processing - Gulf,"Electricity; at grid; consumption mix - Electric Reliability Council of Texas, Inc. - BA","ironmaking, blast furnace","Electricity; at grid; consumption mix - PJM Interconnection, LLC - BA","coal extraction and processing - Rocky Mountain, WC, Surface",0.05619762425479589,0.19344706592658262,0.05308695575716106,0.03504826498860427,0.9872097355295891,0.7950821607001898,0.02517570481902828,0.5679749557070606,0.009776601553555489,0.4897539079189319,0.1259147529689477,9.868022108350843,1.2356979013532652,0.010311510614133323,0.03995453202758659,0.19027211949314204,0.1424511043949861,0.0791187874203583,0.08653844999659882,1.105982925529648,0.10366213280597616,0.48327102297280655,1.2877,0.0,0.0,0.0020703860864285362,0.00015975736321550857,1.96144499622768e-08,0.048436734146278866,1.3006,1.3132,1.2933,mca
Electricity; at grid; consumption mix - New York Independent System Operator - BA,"Electricity; at grid; consumption mix - PJM Interconnection, LLC - BA","steelmaking, electric arc furnace","Electricity; at grid; consumption mix - PJM Interconnection, LLC - BA","ironmaking, direct reduction, MIDREX",Electricity; at grid; consumption mix - California Independent System Operator - BA,natural gas extraction and processing - Appalachian,"Electricity; at grid; consumption mix - Puget Sound Energy, Inc. - BA","ironmaking, blast furnace",Electricity; at grid; consumption mix - JEA - BA,"coal extraction and processing - Illinois Basin, BIT, Underground",0.06439336620229234,0.19412836254770524,0.04961749734370002,0.033528218169845476,0.8554249340287332,0.8310868203810657,0.034168356423942274,0.5799266332526996,0.009597032681100391,0.4949686362651575,0.1248319558092797,9.654416610527996,1.2842605417247561,0.010458881326223317,0.03283562613416967,0.11193766682842624,0.08674529817195356,0.07546356472841326,0.07031394794669585,1.1429355078999428,0.12716996251231294,0.44471328746040406,0.847,0.0,0.0,0.0015031393965342869,0.00012817174945155594,1.776909041169853e-08,0.03204182021658248,0.8582,0.8699,0.8521,mca
Electricity; at grid; consumption mix - New York Independent System Operator - BA,"Electricity; at grid; consumption mix - PJM Interconnection, LLC - BA","steelmaking, electric arc furnace","Electricity; at grid; consumption mix - PJM Interconnection, LLC - BA","ironmaking, direct reduction, MIDREX",Electricity; at grid; consumption mix - California Independent System Operator - BA,natural gas extraction and processing - Appalachian,"Electricity; at grid; consumption mix - Puget Sound Energy, Inc. - BA","ironmaking, blast furnace",Electricity; at grid; consumption mix - JEA - BA,"coal extraction and processing - Illinois Basin, BIT, Underground",0.05730828473621601,0.2029162315157411,0.044646554293847576,0.037087394456813715,0.9028164847076646,0.8743471522388793,0.014860203388251421,0.5833597490866054,0.010399622017815503,0.4879768723873477,0.11408669366802242,10.239444084136856,1.2612711048310579,0.009913257158984001,0.043730209861111174,0.10428464272312854,0.10585192721786818,0.062269767310488104,0.056416273353822655,0.8291094121890312,0.134061106485488,0.43013125826591253,0.8128,0.0,0.0,0.0014623260474962358,0.00012370625602219727,1.7592401359225232e-08,0.030654858936036224,0.8237,0.8352,0.8178,mca
Electricity; at grid; consumption mix - New York Independent System Operator - BA,"Electricity; at grid; consumption mix - PJM Interconnection, LLC - BA","steelmaking, electric arc furnace","Electricity; at grid; consumption mix - PJM Interconnection, LLC - BA","ironmaking, direct reduction, MIDREX",Electricity; at grid; consumption mix - California Independent System Operator - BA,natural gas extraction and processing - Appalachian,"Electricity; at grid; consumption mix - Puget Sound Energy, Inc. - BA","ironmaking, blast furnace",Electricity; at grid; consumption mix - JEA - BA,"coal extraction and processing - Illinois Basin, BIT, Underground",0.06278702734765346,0.18682668537408953,0.05738172134740978,0.033463384080964005,0.9611475840402517,0.8199328634612139,0.04680109105512758,0.6582947408997674,0.01002895910942601,0.5252643803305391,0.12031157876252638,9.457321940905292,1.3068085463176697,0.010054348615094006,0.022644197397235263,0.17827415721334117,0.06663174690806577,0.05837201406287407,0.05939268798945865,1.2449448515061623,0.11807451865933798,0.2851903210189917,0.9197,0.0,0.0,0.0016150012502622272,0.0001344076853280473,1.8364469289918307e-08,0.03431559788590144,0.9318,0.9445,0.9253,mca
Electricity; at grid; consumption mix - New York Independent System Operator - BA,"Electricity; at grid; consumption mix - PJM Interconnection, LLC - BA","steelmaking, electric arc furnace","Electricity; at grid; consumption mix - PJM Interconnection, LLC - BA","ironmaking, direct reduction, MIDREX",Electricity; at grid; consumption mix - California Independent System Operator - BA,natural gas extraction and processing - Appalachian,"Electricity; at grid; consumption mix - Puget Sound Energy, Inc. - BA","ironmaking, blast furnace",Electricity; at grid; consumption mix - JEA - BA,"coal extraction and processing - Illinois Basin, BIT, Underground",0.036897468356242726,0.22587642343880474,0.04568846999047868,0.04082191678525029,0.8419911620267879,0.8688276902873433,0.04704380225910497,0.4544464413072075,0.009953843057117343,0.5248644753423326,0.11566021804799904,10.29934747756833,1.280420053138345,0.00986417118514483,0.03798554312558762,0.19939531061927818,0.10950308173459876,0.10675274677656088,0.06064682387907515,0.9413433491147942,0.11060071648999133,0.4420154323953749,0.7453,0.0,0.0,0.0013142965490366212,0.00011640082509823058,1.6384297935502387e-08,0.02828664965167395,0.7551,0.7653,0.7498,mca
Electricity; at grid; consumption mix - New York Independent System Operator - BA,"Electricity; at grid; consumption mix - PJM Interconnection, LLC - BA","steelmaking, electric arc furnace","Electricity; at grid; consumption mix - PJM Interconnection, LLC - BA","ironmaking, direct reduction, MIDREX",Electricity; at grid; consumption mix - California Independent System Operator - BA,natural gas extraction and processing - Appalachian,"Electricity; at grid; consumption mix - Puget Sound Energy, Inc. - BA","ironmaking, blast furnace",Electricity; at grid; consumption mix - JEA - BA,"coal extraction and processing - Illinois Basin, BIT, Underground",0.06857304139208212,0.2035260238949242,0.05047966947144823,0.041239259198159156,0.7613157599817844,0.8410671740203397,0.03426004604602481,0.6127516523399075,0.009632610944308706,0.4922623255802599,0.11865540005281212,9.571276723873403,1.2840732594941724,0.00961645257854796,0.022780776883987552,0.18581248522907018,0.05846701025698586,0.07714900997432644,0.07454471615934266,1.2544883261411217,0.1149662078077341,0.3439382976468499,0.8607,0.0,0.0,0.0015359748910198233,0.00012926826109464,1.8126667432875818e-08,0.03222611442467149,0.8721,0.884,0.866,mca
Electricity; at grid; consumption mix - New York Independent System Operator - BA,"Electricity; at grid; consumption mix - PJM Interconnection, LLC - BA","steelmaking, electric arc furnace","Electricity; at grid; consumption mix - PJM Interconnection, LLC - BA","ironmaking, direct reduction, MIDREX",Electricity; at grid; consumption mix - California Independent System Operator - BA,natural gas extraction and processing - Appalachian,"Electricity; at grid; consumption mix - Puget Sound Energy, Inc. - BA","ironmaking, blast furnace",Electricity; at grid; consumption mix - JEA - BA,"coal extraction and processing - Illinois Basin, BIT, Underground",0.07041124198200772,0.18862316879597554,0.048335969542313686,0.04047742388072885,0.8717020892977623,0.8707544150767639,0.019264809595263062,0.46818327142423066,0.00986299867930435,0.49282846212644055,0.12149550187601414,9.441681415961762,1.3399783258242302,0.009681750232565104,0.027933928542194102,0.08019602345105085,0.12675202116509648,0.04916143920558186,0.0881068654347036,0.9124181127379556,0.12390571003202283,0.38423065108506027,0.7567,0.0,0.0,0.0013311829768179661,0.0001177599944361174,1.6974801896090906e-08,0.028280828715619134,0.7667,0.7771,0.7612,mca
Electricity; at grid; consumption mix - New York Independent System Operator - BA,"Electricity; at grid; consumption mix - PJM Interconnection, LLC - BA","steelmaking, electric arc furnace","Electricity; at grid; consumption mix - PJM Interconnection, LLC - BA","ironmaking, direct reduction, MIDREX",Electricity; at grid; consumption mix - California Independent System Operator - BA,natural gas extraction and processing - Appalachian,"Electricity; at grid; consumption mix - Puget Sound Energy, Inc. - BA","ironmaking, blast furnace",Electricity; at grid; consumption mix - JEA - BA,"coal extraction and processing - Illinois Basin, BIT, Underground",0.07713335712987915,0.19061064071792372,0.04026087425433398,0.043546849701991595,0.8753813355560814,0.8873275816053338,0.04131209901254413,0.5161445560469222,0.009656740026719427,0.48351421136809863,0.12204951870059758,10.336253187769104,1.2873301762239278,0.01025837273356216,0.039524282857931345,0.16645547783294004,0.055914565742786894,0.06817580589901732,0.050568563657284495,1.0859380174566915,0.1427589449444706,0.27313864851437647,0.7725,0.0,0.0,0.0013925413947755562,0.00012045753557922726,1.7425716287513153e-08,0.029251749293168015,0.7829,0.7938,0.7772,mca
Electricity; at grid; consumption mix - New York Independent System Operator - BA,"Electricity; at grid; consumption mix - PJM Interconnection, LLC - BA","steelmaking, electric arc furnace","Electricity; at grid; consumption mix - PJM Interconnection, LLC - BA","ironmaking, direct reduction, MIDREX",Electricity; at grid; consumption mix - California Independent System Operator - BA,natural gas extraction and processing - Appalachian,"Electricity; at grid; consumption mix - Puget Sound Energy, Inc. - BA","ironmaking, blast furnace",Electricity; at grid; consumption mix - JEA - BA,"coal extraction and processing - Illinois Basin, BIT, Underground",0.07576120886799975,0.17394155604317268,0.04268361993939633,0.03495581658538947,0.8967348628402089,0.8732398567690065,0.02362686502744087,0.5498404727314822,0.010321365609988182,0.48510058477090834,0.11779106720021018,9.786118128577014,1.289701525867373,0.010055721654006262,0.027577712211872038,0.23427277698779536,0.05701156645142583,0.10182551983869434,0.08145884843312362,1.2244057476849153,0.1281254881528463,0.43926750519549623,0.794,0.0,0.0,0.0014214430395160685,0.00012208121420246128,1.7609489920757417e-08,0.029809262520235327,0.8047,0.8158,0.7989,mca
Electricity; at grid; consumption mix - New York Independent System Operator - BA,"Electricity; at grid; consumption mix - PJM Interconnection, LLC - BA","steelmaking, electric arc furnace","Electricity; at grid; consumption mix - PJM Interconnection, LLC - BA","ironmaking, direct reduction, MIDREX",Electricity; at grid; consumption mix - California Independent System Operator - BA,natural gas extraction and processing - Appalachian,"Electricity; at grid; consumption mix - Puget Sound Energy, Inc. - BA","ironmaking, blast furnace",Electricity; at grid; consumption mix - JEA - BA,"coal extraction and processing - Illinois Basin, BIT, Underground",0.07584598530282048,0.16361561398899957,0.052583971169698054,0.04015783228942282,0.8712312318759181,0.8955017306847752,0.023605433595094268,0.49777654026919194,0.009997254215979502,0.5097692451783785,0.1208368585750053,10.335595261791969,1.2864372755262734,0.010320655203156765,0.024851322054329474,0.1420323384438865,0.13122247352223726,0.06638297949589653,0.05646916244084842,0.8341296855102902,0.12113409046702894,0.25627365364034693,0.7586,0.0,0.0,0.0013331806766432018,0.00011642158498966981,1.7188371486757314e-08,0.02784230639047779,0.7686,0.7791,0.7632,mca
Electricity; at grid; consumption mix - New York Independent System Operator - BA,"Electricity; at grid; consumption mix - PJM Interconnection, LLC - BA","steelmaking, electric arc furnace","Electricity; at grid; consumption mix - PJM Interconnection, LLC - BA","ironmaking, direct reduction, MIDREX",Electricity; at grid; consumption mix - California Independent System Operator - BA,natural gas extraction and processing - Appalachian,"Electricity; at grid; consumption mix - Puget Sound Energy, Inc. - BA","ironmaking, blast furnace",Electricity; at grid; consumption mix - JEA - BA,"coal extraction and processing - Illinois Basin, BIT, Underground",0.06663080025626343,0.17682799117014464,0.04033417189023048,0.03645483989438097,0.7768640419631151,0.8221770168369209,0.021691476445475442,0.5820467722713418,0.010003830652846336,0.4946348391184646,0.12113704139644446,9.586324303055495,1.285788521124382,0.00967135030225757,0.02404999616931781,0.23039952642690878,0.08435486961460358,0.08472640610641555,0.05840614659763339,0.9140524321837021,0.12289510606877521,0.34782284870117075,0.8359,0.0,0.0,0.0014973126788877214,0.00012780119306365732,1.7843919372284657e-08,0.031771792374082876,0.8471,0.8587,0.841,mca
"Electricity; at grid; consumption mix - PJM Interconnection, LLC - BA",Electricity; at grid; consumption mix - Bonneville Power Administration - BA,"steelmaking, electric arc furnace","Electricity; at grid; consumption mix - Midcontinent Independent System Operator, Inc. - BA","ironmaking, blast furnace","Electricity; at grid; consumption mix - PJM Interconnection, LLC - BA",natural gas extraction and processing - Arkla,"Electricity; at grid; consumption mix - Electric Reliability Council of Texas, Inc. - BA","ironmaking, blast furnace",Electricity; at grid; consumption mix - Balancing Authority of Northern California - BA,"coal extraction and processing - Rocky Mountain, WC, Surface",0.07757013338947483,0.21546309510001482,0.05402203159429397,0.03840507679609675,0.9266248780662084,0.849121060343572,0.013419562516568128,0.6796679985009709,0.010464481412853884,0.5315929849626814,0.11998628680085494,10.126559920848596,1.3183270001863985,0.009692493463076357,0.031222233188867445,0.10826210791075602,0.09560240455632704,0.07713683572429927,0.08890215933743338,0.9986533624441369,0.11251344907164469,0.3476625042694296,1.259,0.0,0.0,0.002265212656219086,0.00015601733749025194,2.7024532883993953e-08,0.04466016367212755,1.2709,1.2828,1.2641,mca
"Electricity; at grid; consumption mix - PJM Interconnection, LLC - BA",Electricity; at grid; consumption mix - Bonneville Power Administration - BA,"steelmaking, electric arc furnace","Electricity; at grid; consumption mix - Midcontinent Independent System Operator, Inc. - BA","ironmaking, blast furnace","Electricity; at grid; consumption mix - PJM Interconnection, LLC - BA",natural gas extraction and processing - Arkla,"Electricity; at grid; consumption mix - Electric Reliability Council of Texas, Inc. - BA","ironmaking, blast furnace",Electricity; at grid; consumption mix - Balancing Authority of Northern California - BA,"coal extraction and processing - Rocky Mountain, WC, Surface",0.054062075931279124,0.1640034395587646,0.044582574787715774,0.03348459093253937,0.8258149532025532,0.8197668808709613,0.04795163232990853,0.40941294348048235,0.009800854565144623,0.5154121288496476,0.12543281972368847,9.591553231371797,1.316189490867065,0.009625900803316437,0.027126930290303483,0.15253410475999002,0.13138687793073506,0.06393228207986579,0.08356415618709062,0.8520806847820305,0.12411093291516553,0.28555239032799745,1.0092,0.0,0.0,0.0016620472826396403,0.00012832843607631203,2.198314477614182e-08,0.0333918464666747,1.0191,1.029,1.0135,mca
"Electricity; at grid; consumption mix - PJM Interconnection, LLC - BA",Electricity; at grid; consumption mix - Bonneville Power Administration - BA,"steelmaking, electric arc furnace","Electricity; at grid; consumption mix - Midcontinent Independent System Operator, Inc. - BA","ironmaking, blast furnace","Electricity; at grid; consumption mix - PJM Interconnection, LLC - BA",natural gas extraction and processing - Arkla,"Electricity; at grid; consumption mix - Electric Reliability Council of Texas, Inc. - BA","ironmaking, blast furnace",Electricity; at grid; consumption mix - Balancing Authority of Northern California - BA,"coal extraction and processing - Rocky Mountain, WC, Surface",0.06921317422649576,0.18722919919281514,0.05896498217748099,0.042717569695736236,0.8940294973553105,0.7763426540639046,0.01454720594438209,0.392281615349539,0.009894032104392662,0.5128914048212149,0.12046975441643504,9.947996867884106,1.3242504346329727,0.01017598621712677,0.028291096089426423,0.09264045657009924,0.09506898589701046,0.03877729565407646,0.059539830979168984,0.9488253028794952,0.14258155047200147,0.43975945025826624,1.1651,0.0,0.0,0.0017124227840949724,0.00013347314124447909,2.2345049381259136e-08,0.03466642081399871,1.1758,1.1866,1.1698,mca
"Electricity; at grid; consumption mix - PJM Interconnection, LLC - BA",Electricity; at grid; consumption mix - Bonneville Power Administration - BA,"steelmaking, electric arc furnace","Electricity; at grid; consumption mix - Midcontinent Independent System Operator, Inc. - BA","ironmaking, blast furnace","Electricity; at grid; consumption mix - PJM Interconnection, LLC - BA",natural gas extraction and processing - Arkla,"Electricity; at grid; consumption mix - Electric Reliability Council of Texas, Inc. - BA","ironmaking, blast furnace",Electricity; at grid; consumption mix - Balancing Authority of Northern California - BA,"coal extraction and processing - Rocky Mountain, WC, Surface",0.03484046171899751,0.18989905138810903,0.04917922595871889,0.040719553572607564,0.909719554750358,0.8479985562935485,0.020988893148654614,0.43969252120027547,0.010360303058061387,0.5238198593535164,0.12163439395344303,9.417478801924112,1.2765634302887896,0.009565578382367263,0.03531322965235299,0.22637858305378383,0.05482597643242396,0.0658116431733119,0.07133231205044885,0.9581841796010528,0.12698935760089616,0.36663985026352,1.0202,0.0,0.0,0.001699150245189881,0.00012795466191506733,2.2097337277532305e-08,0.03395329510499198,1.03,1.0398,1.0244,mca
"Electricity; at grid; consumption mix - PJM Interconnection, LLC - BA",Electricity; at grid; consumption mix - Bonneville Power Administration - BA,"steelmaking, electric arc furnace","Electricity; at grid; consumption mix - Midcontinent Independent System Operator, Inc. - BA","ironmaking, blast furnace","Electricity; at grid; consumption mix - PJM Interconnection, LLC - BA",natural gas extraction and processing - Arkla,"Electricity; at grid; consumption mix - Electric Reliability Council of Texas, Inc. - BA","ironmaking, blast furnace",Electricity; at grid; consumption mix - Balancing Authority of Northern California - BA,"coal extraction and processing - Rocky Mountain, WC, Surface",0.05338041561056267,0.19819911785022046,0.05692949667570864,0.03568785800180191,0.7928264917070433,0.772123015996857,0.02276764307590684,0.511377987159726,0.010154375555621209,0.5084656245884318,0.1178791826904634,9.541045616717707,1.2509498780962822,0.010323818157771742,0.042028723245338476,0.15875053463379016,0.05331887200825441,0.07739861238624099,0.0780190129809677,1.0133359118088403,0.14201991371362102,0.4485904864523461,1.2672,0.0,0.0,0.0019298221620451098,0.00014263153146112494,2.4041021985691708e-08,0.03853580629718649,1.2785,1.29,1.2722,mca
"Electricity; at grid; consumption mix - PJM Interconnection, LLC - BA",Electricity; at grid; consumption mix - Bonneville Power Administration - BA,"steelmaking, electric arc furnace","Electricity; at grid; consumption mix - Midcontinent Independent System Operator, Inc. - BA","ironmaking, blast furnace","Electricity; at grid; consumption mix - PJM Interconnection, LLC - BA",natural gas extraction and processing - Arkla,"Electricity; at grid; consumption mix - Electric Reliability Council of Texas, Inc. - BA","ironmaking, blast furnace",Electricity; at grid; consumption mix - Balancing Authority of Northern California - BA,"coal extraction and processing - Rocky Mountain, WC, Surface",0.05306679815251064,0.19481749298291604,0.05004123295565053,0.03483800505239135,0.8937931623990136,0.8191807516636761,0.04654322634910382,0.4508934676777964,0.010255485601166684,0.49900711404227005,0.11716831411658228,10.287079571345265,1.3220918280725433,0.010281046949393049,0.034257397273093765,0.07541218925968417,0.1154611187009111,0.09023202990957038,0.05630629690171793,1.3579004413106937,0.14492604899703687,0.3695888133180315,1.1854,0.0,0.0,0.0017741384929646658,0.00013370158741067423,2.2804039824743917e-08,0.0355289335201014,1.1959,1.2064,1.19,mca
"Electricity; at grid; consumption mix - PJM Interconnection, LLC - BA",Electricity; at grid; consumption mix - Bonneville Power Administration - BA,"steelmaking, electric arc furnace","Electricity; at grid; consumption mix - Midcontinent Independent System Operator, Inc. - BA","ironmaking, blast furnace","Electricity; at grid; consumption mix - PJM Interconnection, LLC - BA",natural gas extraction and processing - Arkla,"Electricity; at grid; consumption mix - Electric Reliability Council of Texas, Inc. - BA","ironmaking, blast furnace",Electricity; at grid; consumption mix - Balancing Authority of Northern California - BA,"coal extraction and processing - Rocky Mountain, WC, Surface",0.07253684014350532,0.20373021138407313,0.04213935325452036,0.035109652370823266,0.9423443892408615,0.8931801001292267,0.021042497884400845,0.4586877980533326,0.009608554938704234,0.5184002624017034,0.11548087456605813,9.773445777625515,1.333325590660478,0.010212149399870425,0.023167987193213842,0.19576825109946935,0.12426971944414496,0.08361474243101166,0.07543475650672787,1.18880456382958,0.11366465892172586,0.24781072061171533,0.9964,0.0,0.0,0.001766891526567867,0.00013080283136676296,2.301765726309517e-08,0.035070392550379345,1.0062,1.0159,1.0006,mca
"Electricity; at grid; consumption mix - PJM Interconnection, LLC - BA",Electricity; at grid; consumption mix - Bonneville Power Administration - BA,"steelmaking, electric arc furnace","Electricity; at grid; consumption mix - Midcontinent Independent System Operator, Inc. - BA","ironmaking, blast furnace","Electricity; at grid; consumption mix - PJM Interconnection, LLC - BA",natural gas extraction and processing - Arkla,"Electricity; at grid; consumption mix - Electric Reliability Council of Texas, Inc. - BA","ironmaking, blast furnace",Electricity; at grid; consumption mix - Balancing Authority of Northern California - BA,"coal extraction and processing - Rocky Mountain, WC, Surface",0.027014720661620306,0.17677671245101512,0.0562031346913419,0.03683458525597804,0.7813555695714162,0.8346768972151838,0.0322786351111878,0.5572305578572055,0.009672241905002064,0.49836719270255486,0.11559461281748284,10.378348902059177,1.3522925352934696,0.010123494878222158,0.03937809578520197,0.21656224541227787,0.10733233203833026,0.0864790296255658,0.04211103581436703,0.9398984358780638,0.12287963995216325,0.2869266719341083,1.0934,0.0,0.0,0.0018813970199343037,0.0001361180142060449,2.368722578344843e-08,0.0371761255631309,1.1037,1.114,1.0978,mca
"Electricity; at grid; consumption mix - PJM Interconnection, LLC - BA",Electricity; at grid; consumption mix - Bonneville Power Administration - BA,"steelmaking, electric arc furnace","Electricity; at grid; consumption mix - Midcontinent Independent System Operator, Inc. - BA","ironmaking, blast furnace","Electricity; at grid; consumption mix - PJM Interconnection, LLC - BA",natural gas extraction and processing - Arkla,"Electricity; at grid; consumption mix - Electric Reliability Council of Texas, Inc. - BA","ironmaking, blast furnace",Electricity; at grid; consumption mix - Balancing Authority of Northern California - BA,"coal extraction and processing - Rocky Mountain, WC, Surface",0.07474680328646723,0.1801646981933052,0.04891614939238837,0.04010778655519637,0.8581166607662694,0.8375073171722154,0.04594494529666903,0.468616207385777,0.009953813991636395,0.5002845807895298,0.11903295435813448,9.635360854885104,1.3070882579636611,0.01004730615862986,0.035789782268878495,0.1629897779752153,0.08537658760361715,0.11066469277179061,0.07374329568071752,1.1950256243952535,0.09886973429202531,0.534432079214808,1.1665,0.0,0.0,0.001810100060779249,0.0001354489807819611,2.3370503896148e-08,0.03613533743726711,1.1769,1.1872,1.171,mca
"Electricity; at grid; consumption mix - PJM Interconnection, LLC - BA",Electricity; at grid; consumption mix - Bonneville Power Administration - BA,"steelmaking, electric arc furnace","Electricity; at grid; consumption mix - Midcontinent Independent System Operator, Inc. - BA","ironmaking, blast furnace","Electricity; at grid; consumption mix - PJM Interconnection, LLC - BA",natural gas extraction and processing - Arkla,"Electricity; at grid; consumption mix - Electric Reliability Council of Texas, Inc. - BA","ironmaking, blast furnace",Electricity; at grid; consumption mix - Balancing Authority of Northern California - BA,"coal extraction and processing - Rocky Mountain, WC, Surface",0.03543316701248777,0.20121340753569306,0.04385373470061562,0.03407495437192237,0.9203920977746571,0.8982884350437036,0.04682968130483885,0.4881505396920699,0.010106376892995437,0.5048295390346763,0.11635891792590237,9.688100396795702,1.3150036992627159,0.01036229719576399,0.04085482038529787,0.15661795008003235,0.05176031228769026,0.0830617151886556,0.06082130106283255,1.283784712924951,0.12487304418361628,0.3759799161088664,1.0087,0.0,0.0,0.0017582771276238845,0.00012849058477569183,2.268495688665695e-08,0.03476168941731835,1.0183,1.0278,1.0128,mca
Electricity; at grid; consumption mix - LG&E and KU Services Company as agent for Louisville Gas and Electric Company and Kentucky Utilities Company - BA,"Electricity; at grid; consumption mix - PJM Interconnection, LLC - BA","steelmaking, electric arc furnace","Electricity; at grid; consumption mix - Midcontinent Independent System Operator, Inc. - BA","ironmaking, direct reduction, MIDREX","Electricity; at grid; consumption mix - Midcontinent Independent System Operator, Inc. - BA",natural gas extraction and processing - East Texas,Electricity; at grid; consumption mix - California Independent System Operator - BA,"ironmaking, blast furnace",Electricity; at grid; consumption mix - Western Area Power Administration - Upper Great Plains West - BA,"coal extraction and processing - Rocky Mountain, BIT, Underground",0.028805071632620027,0.19973847154080324,0.05642008532816227,0.03887494805059434,0.8371617720797864,0.8339579543786448,0.0485021757935246,0.603044694714264,0.010084736473718348,0.5141388016556221,0.12226947648073433,9.431657791555487,1.2489243266333148,0.009962881321439306,0.022654868219288155,0.18346809957826915,0.10192579449878211,0.0671385825528374,0.03848210001218223,1.1314496272484442,0.12780043855507697,0.44471179999678345,1.1103,0.0,0.0,0.0021789782819211494,0.00014962805008777774,2.564185616208847e-08,0.04443444337061138,1.1209,1.1316,1.1148,mca
Electricity; at grid; consumption mix - LG&E and KU Services Company as agent for Louisville Gas and Electric Company and Kentucky Utilities Company - BA,"Electricity; at grid; consumption mix - PJM Interconnection, LLC - BA","steelmaking, electric arc furnace","Electricity; at grid; consumption mix - Midcontinent Independent System Operator, Inc. - BA","ironmaking, direct reduction, MIDREX","Electricity; at grid; consumption mix - Midcontinent Independent System Operator, Inc. - BA",natural gas extraction and processing - East Texas,Electricity; at grid; consumption mix - California Independent System Operator - BA,"ironmaking, blast furnace",Electricity; at grid; consumption mix - Western Area Power Administration - Upper Great Plains West - BA,"coal extraction and processing - Rocky Mountain, BIT, Underground",0.05342663937549525,0.20046503831500898,0.041426036672362034,0.036352641949023566,1.007193999097949,0.8647788240590133,0.021965244096237575,0.5164019378740379,0.009960631687627503,0.48306866986874375,0.12304998133600135,10.190958582053543,1.2368193564632526,0.010354509702943018,0.03721862006444554,0.1303915373346003,0.09515873590117023,0.081980011999182,0.10553637519076503,1.2413768908047622,0.11546006051882887,0.2510446153170686,1.0315,0.0,0.0,0.0020400523886287625,0.00014353982243780182,2.467364071080294e-08,0.04187189391862727,1.0418,1.052,1.0359,mca
Electricity; at grid; consumption mix - LG&E and KU Services Company as agent for Louisville Gas and Electric Company and Kentucky Utilities Company - BA,"Electricity; at grid; consumption mix - PJM Interconnection, LLC - BA","steelmaking, electric arc furnace","Electricity; at grid; consumption mix - Midcontinent Independent System Operator, Inc. - BA","ironmaking, direct reduction, MIDREX","Electricity; at grid; consumption mix - Midcontinent Independent System Operator, Inc. - BA",natural gas extraction and processing - East Texas,Electricity; at grid; consumption mix - California Independent System Operator - BA,"ironmaking, blast furnace",Electricity; at grid; consumption mix - Western Area Power Administration - Upper Great Plains West - BA,"coal extraction and processing - Rocky Mountain, BIT, Underground",0.046906532108643616,0.16478312248308197,0.058729500069327506,0.038505572067043,0.7492932198515967,0.8751104435786602,0.025584150848130392,0.4980715062719347,0.009835303383768326,0.49530726727652585,0.1252271848376593,10.100642672105183,1.263830986905301,0.010020082178496044,0.02199231851794324,0.15384511456715555,0.10827747578756627,0.061272253266809615,0.07406772147418086,1.0299084364447046,0.11675535328173671,0.35398747494384064,0.9729,0.0,0.0,0.001901622523212933,0.0001355512944948193,2.3818760821862148e-08,0.03860519939066894,0.9823,0.9915,0.9769,mca
Electricity; at grid; consumption mix - LG&E and KU Services Company as agent for Louisville Gas and Electric Company and Kentucky Utilities Company - BA,"Electricity; at grid; consumption mix - PJM Interconnection, LLC - BA","steelmaking, electric arc furnace","Electricity; at grid; consumption mix - Midcontinent Independent System Operator, Inc. - BA","ironmaking, direct reduction, MIDREX","Electricity; at grid; consumption mix - Midcontinent Independent System Operator, Inc. - BA",natural gas extraction and processing - East Texas,Electricity; at grid; consumption mix - California Independent System Operator - BA,"ironmaking, blast furnace",Electricity; at grid; consumption mix - Western Area Power Administration - Upper Great Plains West - BA,"coal extraction and processing - Rocky Mountain, BIT, Underground",0.053917697893398876,0.17852501967677503,0.04627120492551691,0.03871707500285086,0.7950979445590906,0.896548787182415,0.030758239707995648,0.44277607721398077,0.009911194955017681,0.5203993153156412,0.1173812754453221,10.053418330461259,1.2632189483194391,0.009976265182700174,0.039633122849449046,0.1877151341970094,0.10889253458141626,0.07722180650419774,0.03747905775289641,1.2495660830956263,0.13549327259495497,0.2606034312898294,0.9256,0.0,0.0,0.001799812368757309,0.00013044712928654865,2.3149426031095927e-08,0.036439779832999654,0.9345,0.9434,0.9294,mca
